drug,conc,e,i,ok,drop
1035270-39-3,0.30062575484774134,0.52156908550263,0.784322985512647,0,0.26275390001001697
284461-73-0,0.27505213666872136,0.7498906843305226,0.7091147832073621,1,-0.04077590112316054
A-1065-5,0.20926465286752335,0.4995296979612808,0.6928618350396867,0,0.19333213707840585
ADAVOSERTIB,0.5489024618066611,0.8044420794606435,0.8318803023266282,1,0.02743822286598474
AFATINIB,0.5063615817166749,0.7331360316501391,0.8002420176137592,1,0.06710598596362016
ALISERTIB,0.5311661928694322,0.7431915265076906,0.8406099161466788,1,0.09741838963898819
ALPELISIB,0.4246924507566959,0.6393476093250561,0.6884523758546301,0,0.04910476652957407
APO866,0.5573676436176191,0.8140483046010948,0.7688969081055073,1,-0.045151396495587526
ASP-7487,0.4871628707441659,0.6609950766451855,0.7404647808959639,0,0.07946970425077837
AZD 2171,0.40549877978481835,0.5536277279890591,0.6917565351150369,0,0.13812880712597775
AZD-8055,0.37321949776672303,0.61266042389999,0.7274584989815323,0,0.11479807508154227
AZD7762,0.56575315088164,0.7469748976308572,0.7620082436631102,1,0.015033346032252926
BEZ235,0.3372640856491074,0.5477498726355162,0.7041450978629201,0,0.1563952252274039
BIBR-1532,-0.06044220927014947,0.35167640724865734,0.6456905048954277,0,0.29401409764677033
BMS 536924,0.5524339015761262,0.6253168698245217,0.6857980693730922,0,0.06048119954857045
BMS-345541,0.28424271631968306,0.7337798378000582,0.8062624256153926,1,0.07248258781533445
BORTEZOMIB,0.44109150657670915,0.6234582305832946,0.7574267348599341,0,0.13396850427663942
CRA-032765,0.42950329254641834,0.6872389615145201,0.7475739249622608,0,0.0603349634477407
CRIZOTINIB,0.5309700403135856,0.8054143919471487,0.8279624917008851,1,0.022548099753736395
CYCLOPHOSPHAMIDE,0.07148202388004961,0.5686899454493591,0.5002434916157215,0,-0.06844645383363768
DABRAFENIB,0.5159836752496482,0.7024988068129041,0.7224088493387715,1,0.019910042525867366
DASATINIB,0.731236026375051,0.9008327834275367,0.8071991456373293,1,-0.09363363779020739
DINACICLIB,0.630784923829265,0.8290803347415547,0.8882103811084399,1,0.059130046366885125
DOCETAXEL,0.5018774439686255,0.6741729015429148,0.8352628723903355,0,0.16108997084742072
ELOXATIN,0.4074185725960938,0.7709751982791965,0.7843363315469528,1,0.013361133267756342
ENTINOSTAT,0.6052219401128818,0.8526300503954278,0.855356414110059,1,0.002726363714631197
ERLOTINIB,0.4676436022906307,0.7361293934672405,0.7736566331566069,1,0.03752723968936644
EXEL-2880,0.5186456286526087,0.6981308723733974,0.7651821188188459,0,0.06705124644544846
FLUOROURACIL,0.5061139460859281,0.7254332659226927,0.8206199224911149,1,0.09518665656842218
GEFITINIB,0.2336394907956961,0.674510306943126,0.7072447526714803,0,0.03273444572835438
GEMCITABINE,0.6622266996502368,0.7881072077748921,0.8647369774730903,1,0.07662976969819824
GX15-070,0.4339624826098957,0.6949559175586152,0.806859717181576,0,0.11190379962296082
ICI-46474,0.11515550039445832,0.5217999780542485,0.5938207872055237,0,0.07202080915127518
LAPATINIB,0.43560209881100437,0.6645580942112137,0.7888335578262526,0,0.12427546361503894
M-39831,0.07475131319459424,0.49716851736047535,0.5535365515975614,0,0.056368034237086084
MIRA 1,0.01377161143401639,0.49321453656255,0.768905186037269,0,0.275690649474719
MK 2206,0.4684134091877259,0.6231442723678478,0.7225312460017848,0,0.099386973633937
MOLIBRESIB,0.46742430182384387,0.6458849488400792,0.7951975678511113,0,0.1493126190110321
MST 312,0.4896137106942356,0.7841312813517629,0.8084190725845064,1,0.024287791232743494
NAVITOCLAX,0.4905603444276959,0.7247642002701561,0.7163037858083113,1,-0.008460414461844756
NELARABINE,0.18701574604590482,0.5695496508109856,0.5677724429645423,0,-0.0017772078464433072
NILOTINIB,0.11992120102128948,0.6036948084399487,0.5726457936372915,0,-0.031049014802657204
NVP ADW742,0.29050156960265505,0.637037487049889,0.6817560989497036,0,0.04471861189981452
OLAPARIB,0.43471866018424893,0.6676196589823353,0.7569878231967517,0,0.0893681642144164
PACLITAXEL,0.3037488904381315,0.632971068105295,0.823199397041653,0,0.190228328936358
PEVONEDISTAT,0.6354860048378546,0.8331331416431729,0.7907347770515217,1,-0.04239836459165114
PICTILISIB,0.4212821482720737,0.5267336718517927,0.6836810743826331,0,0.1569474025308405
PLX 4720,0.38553137185004205,0.6539566205338857,0.6412679086389702,0,-0.012688711894915494
RAPAMYCIN,0.2701998433054552,0.475010850492717,0.7512781570549405,0,0.2762673065622235
REBEMADLIN,0.43656759185234756,0.6776286143569197,0.8433660580752533,0,0.16573744371833365
RUXOLITINIB,0.1651181994538901,0.53344681200697,0.7478420837993024,0,0.21439527179233242
SEPANTRONIUM BROMIDE,0.6693967346269748,0.842946595715986,0.7990640424705587,1,-0.043882553245427225
TENIPOSIDE,0.627215490177355,0.8008638410141342,0.864134205375555,1,0.06327036436142075
TOPOTECAN,0.6102469645366838,0.8081164221314546,0.8884797297667373,1,0.08036330763528265
TRAMETINIB,0.7539086601078975,0.8757744657592992,0.865096247853085,1,-0.010678217906214149
VENETOCLAX,0.2197628779895159,0.6112186000329467,0.654066544741924,0,0.04284794470897735
VORINOSTAT,0.6570589212306052,0.8883672340234912,0.8634941090089534,1,-0.024873125014537756
YK 4-279,0.5550788921754541,0.8124575509183366,0.8498077472563154,1,0.03735019633797876
