split,auc,tp,fp,fn,tn,nested_threshold,nested_heldout_accuracy
0,0.8909313725490196,17,4,7,30,0.4670589393560667,0.7241379310344828
1,0.8569711538461539,17,5,9,27,0.5144420041614676,0.7241379310344828
2,0.9044205495818398,20,3,7,28,0.4719710954273965,0.896551724137931
3,0.8957575757575759,17,1,8,32,0.514320735950332,0.7241379310344828
4,0.8834720570749108,19,3,10,26,0.4672811212431417,0.8275862068965517
5,0.9215686274509803,18,3,6,31,0.4633137898206437,0.8620689655172413
6,0.8888888888888888,20,2,7,29,0.4683904882493093,0.7586206896551724
7,0.8936678614097968,18,2,9,29,0.4947671701775899,0.7586206896551724
8,0.9127837514934289,22,1,5,30,0.5035695285643094,0.7931034482758621
9,0.8530465949820788,20,5,7,26,0.5502515020886314,0.7241379310344828
