drug,n,fitted_vs_trapz,fitted_vs_legacy
1035270-39-3,722,0.7457674239257613,0.8192892654012169
284461-73-0,723,0.881296252971375,0.8909357720195744
A-1065-5,218,0.2924261373853876,0.39824899799818486
ADAVOSERTIB,723,0.9501667064290756,0.9548054098096689
AFATINIB,655,0.8890164664682502,0.9149608651576183
ALISERTIB,686,0.7999690621762653,0.8015711045582751
ALPELISIB,767,0.8583034995093637,0.8965323218924517
APO866,362,0.9926073778743201,0.9927798993734206
ASP-7487,651,0.7859109087380662,0.8553742479837111
AZD 2171,723,0.8820061736923436,0.9326048177496405
AZD-8055,90,0.9533934230563442,0.9679137342058689
AZD7762,723,0.9413751261257491,0.9616002381632625
BEZ235,723,0.9593443975730038,0.9678371240528474
BIBR-1532,719,0.678297406440698,0.6957260904322446
BMS 536924,723,0.9343916677655411,0.9579930991455903
BMS-345541,697,0.6743693396411553,0.830088069050431
BORTEZOMIB,722,0.9365368622271483,0.9539702709747735
CRA-032765,693,0.8166461771648927,0.8523545734012886
CRIZOTINIB,697,0.2403076588589301,0.30719853884029197
CYCLOPHOSPHAMIDE,722,0.55875549608188,0.5981579643850419
DABRAFENIB,717,0.7915667850084026,0.822353508519935
DASATINIB,709,0.9405148259252676,0.944995481020002
DINACICLIB,696,0.9840524758805456,0.9804712098566741
DOCETAXEL,730,0.9115886232727489,0.8782121580673219
ELOXATIN,707,0.8287095231688766,0.8823460380046059
ENTINOSTAT,697,0.9495371242814373,0.967713212590234
ERLOTINIB,723,0.8157790380228319,0.8530542996671014
EXEL-2880,720,0.9755045502273987,0.9778151578224494
FLUOROURACIL,722,0.9087924851342238,0.9204989363514333
GEFITINIB,723,0.7620203182586895,0.7815937661973656
GEMCITABINE,706,0.9602408367673039,0.9528533342181424
GX15-070,696,0.8252903415432333,0.8327782215873807
ICI-46474,722,0.7389269487066799,0.8291823428172166
LAPATINIB,723,0.7687347351574574,0.8227406867845894
M-39831,720,0.3472806695145753,0.40169482396654416
MIRA 1,723,0.4006886145791003,0.4200524970309389
MK 2206,723,0.876377705923823,0.9007646900480529
MOLIBRESIB,696,0.912691783163017,0.9280201014592087
MST 312,723,0.9767387572416929,0.9833443204850442
NAVITOCLAX,715,0.9152117250612942,0.9243770588032671
NELARABINE,696,0.48993243554477506,0.5261925580862673
NILOTINIB,723,0.6272887437087309,0.784981526211452
NVP ADW742,723,0.9071434032156566,0.9590400573842396
OLAPARIB,723,0.54704284056835,0.6083449828604006
PACLITAXEL,723,0.79154292034235,0.8650542116914467
PEVONEDISTAT,721,0.9812051200178888,0.9859497679414999
PICTILISIB,709,0.9267562950884217,0.9296577251123629
PLX 4720,706,0.7750386840423789,0.844270645302334
RAPAMYCIN,715,0.8944650708457946,0.9084606219323013
REBEMADLIN,718,0.8005393954554078,0.8600094148382453
RUXOLITINIB,697,0.49911753753608495,0.5530953077712214
SEPANTRONIUM BROMIDE,723,0.9673429562356506,0.9754340552718139
TENIPOSIDE,697,0.97691948229862,0.9844518343821681
TOPOTECAN,697,0.9872333856463054,0.9902527693247432
TRAMETINIB,729,0.9497388797340038,0.9516092541454978
VENETOCLAX,723,0.7034161960056468,0.757336466296375
VORINOSTAT,723,0.9442264534857577,0.9672271577308597
YK 4-279,723,0.9810110376343791,0.9849552674297328
