drug,gdsc2_ids,chosen_id,n_cols_per_id,n_fitted,ctrp_col
(+)-JQ-1,2172,2172,"{""2172"": 74}",947,(+)-JQ-1 (CTRP:616354)
1035270-39-3,1786,1786,"{""1786"": 209}",957,1035270-39-3 (CTRP:660325)
284461-73-0,1085,1085,"{""1085"": 135}",956,284461-73-0 (CTRP:349006)
A-1065-5,1594,1594,"{""1594"": 140}",958,A-1065-5 (CTRP:660433)
ADAVOSERTIB,1179,1179,"{""1179"": 530}",965,ADAVOSERTIB (CTRP:418167)
AFATINIB,1032,1032,"{""1032"": 862}",964,AFATINIB (CTRP:606135)
AG-13736,1021,1021,"{""1021"": 96}",959,AG-13736 (CTRP:348990)
AK-55409,2169,2169,"{""2169"": 58}",266,AK-55409 (CTRP:639390)
ALISERTIB,1051,1051,"{""1051"": 164}",947,ALISERTIB (CTRP:636711)
ALPELISIB,1560,1560,"{""1560"": 256}",963,ALPELISIB (CTRP:668495)
APO866,1248,1248,"{""1248"": 63}",594,APO866 (CTRP:418166)
ASP-7487,1510,1510,"{""1510"": 584}",964,ASP-7487 (CTRP:705300)
AZD 2171,1922,1922,"{""1922"": 150}",956,AZD 2171 (CTRP:606136)
AZD-8055,1059,1059,"{""1059"": 79}",744,AZD-8055 (CTRP:609639)
AZD7762,1022,1022,"{""1022"": 252}",959,AZD7762 (CTRP:660777)
BEZ235,1057,1057,"{""1057"": 133}",956,BEZ235 (CTRP:348992)
BI-2536,1086,1086,"{""1086"": 83}",921,BI-2536 (CTRP:347813)
BIBR-1532,2043,2043,"{""2043"": 141}",950,BIBR-1532 (CTRP:417982)
BIRB 796,1042,1042,"{""1042"": 59}",953,BIRB 796 (CTRP:660412)
BMS 536924,1091,1091,"{""1091"": 141}",956,BMS 536924 (CTRP:411859)
BMS-345541,1249,1249,"{""1249"": 97}",890,BMS-345541 (CTRP:622911)
BMS-754807,2171,2171,"{""2171"": 109}",947,BMS-754807 (CTRP:417981)
BORTEZOMIB,1191,1191,"{""1191"": 226}",955,BORTEZOMIB (CTRP:411737)
CRA-032765,1799,1799,"{""1799"": 94}",888,CRA-032765 (CTRP:660994)
CRIZOTINIB,1083,1083,"{""1083"": 311}",964,CRIZOTINIB (CTRP:628603)
CYCLOPHOSPHAMIDE,1512,1512,"{""1512"": 124}",955,CYCLOPHOSPHAMIDE (CTRP:32620)
DABRAFENIB,1373,1373,"{""1373"": 236}",952,DABRAFENIB (CTRP:687954)
DASATINIB,1079,1079,"{""1079"": 289}",960,DASATINIB (CTRP:52882)
DINACICLIB,1180,1180,"{""1180"": 97}",889,DINACICLIB (CTRP:687578)
DOCETAXEL,1007;1819,1007,"{""1007"": 495, ""1819"": 98}",965,DOCETAXEL (CTRP:660364)
ELOXATIN,1089;1806,1089,"{""1089"": 282, ""1806"": 80}",965,ELOXATIN (CTRP:375582)
ENTINOSTAT,1593,1593,"{""1593"": 140}",896,ENTINOSTAT (CTRP:60218)
ERLOTINIB,1168,1168,"{""1168"": 153}",953,ERLOTINIB (CTRP:52928)
EXEL-2880,2040,2040,"{""2040"": 163}",951,EXEL-2880 (CTRP:628607)
FLUOROURACIL,1073,1073,"{""1073"": 465}",966,FLUOROURACIL (CTRP:25344)
FULVESTRANT,1200;1816,1200,"{""1200"": 297, ""1816"": 83}",961,FULVESTRANT (CTRP:464880)
GEFITINIB,1010,1010,"{""1010"": 153}",956,GEFITINIB (CTRP:52926)
GEMCITABINE,1190,1190,"{""1190"": 407}",958,GEMCITABINE (CTRP:411863)
GX15-070,1068,1068,"{""1068"": 96}",784,GX15-070 (CTRP:606142)
ICI-46474,1199,1199,"{""1199"": 222}",955,ICI-46474 (CTRP:26972)
KU-55933,1030,1030,"{""1030"": 77}",953,KU-55933 (CTRP:58339)
LAPATINIB,1558,1558,"{""1558"": 231}",964,LAPATINIB (CTRP:634309)
M-39831,1375,1375,"{""1375"": 227}",963,M-39831 (CTRP:351043)
MIRA 1,1931,1931,"{""1931"": 84}",964,MIRA 1 (CTRP:580922)
MK 2206,1053,1053,"{""1053"": 388}",966,MK 2206 (CTRP:377381)
MOLIBRESIB,1624,1624,"{""1624"": 91}",891,MOLIBRESIB (CTRP:660245)
MST 312,1930,1930,"{""1930"": 127}",956,MST 312 (CTRP:411865)
NAVITOCLAX,1011,1011,"{""1011"": 221}",965,NAVITOCLAX (CTRP:362342)
NELARABINE,1814,1814,"{""1814"": 72}",715,NELARABINE (CTRP:660391)
NILOTINIB,1013,1013,"{""1013"": 308}",953,NILOTINIB (CTRP:374749)
NVP ADW742,1932,1932,"{""1932"": 124}",956,NVP ADW742 (CTRP:660287)
OLAPARIB,1017,1017,"{""1017"": 232}",965,OLAPARIB (CTRP:411867)
PACLITAXEL,1080,1080,"{""1080"": 151}",956,PACLITAXEL (CTRP:26956)
PEVONEDISTAT,1529,1529,"{""1529"": 142}",954,PEVONEDISTAT (CTRP:411809)
PICTILISIB,1058,1058,"{""1058"": 389}",965,PICTILISIB (CTRP:639759)
PLX 4720,1036,1036,"{""1036"": 227}",959,PLX 4720 (CTRP:606256)
RAPAMYCIN,1084,1084,"{""1084"": 158}",948,RAPAMYCIN (CTRP:56703)
REBEMADLIN,1047,1047,"{""1047"": 486}",966,REBEMADLIN (CTRP:411722)
RUXOLITINIB,1507,1507,"{""1507"": 94}",896,RUXOLITINIB (CTRP:639450)
SEPANTRONIUM BROMIDE,1941,1941,"{""1941"": 154}",956,SEPANTRONIUM BROMIDE (CTRP:417979)
TENIPOSIDE,1809,1809,"{""1809"": 87}",716,TENIPOSIDE (CTRP:27871)
TOPOTECAN,1808,1808,"{""1808"": 90}",716,TOPOTECAN (CTRP:44580)
TRAMETINIB,1372,1372,"{""1372"": 603}",964,TRAMETINIB (CTRP:687418)
VENETOCLAX,1909,1909,"{""1909"": 183}",956,VENETOCLAX (CTRP:666541)
VORINOSTAT,1012,1012,"{""1012"": 241}",957,VORINOSTAT (CTRP:56554)
YK 4-279,1239,1239,"{""1239"": 141}",956,YK 4-279 (CTRP:632103)
