drug,n_ctrp,n_ext,n_ext_pos,spearman_ctrp_gdsc2,int_Logistic Regression,ext_Logistic Regression,int_Random Forest,ext_Random Forest,int_XGBoost,ext_XGBoost,int_SVM (RBF),ext_SVM (RBF),int_DNN (MLP),ext_DNN (MLP)
(+)-JQ-1,522,0,0,0.709,0.8233,,0.8634,,0.8606,,0.8621,,0.8455,
1035270-39-3,469,255,112,0.247,0.736,0.4793,0.7758,0.4964,0.7847,0.5258,0.769,0.5046,0.7704,0.5092
284461-73-0,517,242,132,0.237,0.6772,0.6399,0.7537,0.7743,0.7216,0.7486,0.7717,0.7667,0.7331,0.7522
A-1065-5,529,98,49,0.045,0.6703,0.5877,0.6953,0.4579,0.7269,0.5044,0.715,0.4844,0.6948,0.5135
ADAVOSERTIB,506,247,139,0.509,0.8338,0.8007,0.8661,0.8562,0.8831,0.8622,0.8717,0.8592,0.8526,0.8245
AFATINIB,465,270,144,0.488,0.7096,0.6304,0.8294,0.7505,0.8288,0.7428,0.8286,0.7482,0.8276,0.7246
AG-13736,513,0,0,0.502,0.8136,,0.8169,,0.8305,,0.823,,0.8082,
AK-55409,526,0,0,0.522,0.6662,,0.6863,,0.6722,,0.681,,0.6488,
ALISERTIB,518,227,128,0.493,0.7848,0.7231,0.8612,0.8133,0.8682,0.8082,0.8517,0.8189,0.8488,0.817
ALPELISIB,364,282,142,0.468,0.6347,0.5995,0.6592,0.6887,0.676,0.6887,0.6965,0.6828,0.6965,0.6609
APO866,448,117,64,0.667,0.6899,0.781,0.8235,0.8769,0.809,0.8526,0.8058,0.8588,0.7599,0.8538
ASP-7487,517,240,139,0.449,0.7073,0.6917,0.7566,0.717,0.7796,0.7129,0.7612,0.7282,0.7543,0.6857
AZD 2171,261,314,169,0.373,0.6724,0.5682,0.6737,0.6299,0.6551,0.598,0.6635,0.6282,0.6224,0.6204
AZD-8055,531,40,23,0.232,0.657,0.5243,0.711,0.4821,0.7278,0.6292,0.7139,0.5294,0.667,0.4987
AZD7762,527,240,134,0.593,0.7485,0.6813,0.7247,0.7447,0.7278,0.7625,0.7233,0.7475,0.7189,0.7337
BEZ235,383,269,142,0.385,0.6491,0.5771,0.7639,0.6014,0.7928,0.6047,0.8143,0.6269,0.7756,0.627
BI-2536,529,0,0,0.605,0.8799,,0.8977,,0.912,,0.9052,,0.9187,
BIBR-1532,514,246,126,0.067,0.5335,0.4291,0.6295,0.5112,0.6011,0.5093,0.6357,0.4913,0.6362,0.4801
BIRB 796,474,0,0,-0.032,0.5704,,0.6557,,0.6442,,0.6487,,0.6487,
BMS 536924,509,229,124,0.554,0.6721,0.5887,0.6676,0.6207,0.7015,0.6101,0.6777,0.6242,0.6958,0.6176
BMS-345541,508,236,114,0.328,0.817,0.5929,0.8282,0.6448,0.8199,0.645,0.8315,0.6529,0.812,0.6362
BMS-754807,522,0,0,0.479,0.7056,,0.7558,,0.7551,,0.779,,0.7773,
BORTEZOMIB,509,258,143,0.437,0.6029,0.6126,0.7061,0.6192,0.6777,0.615,0.6755,0.6057,0.7037,0.635
CRA-032765,366,267,145,0.464,0.6458,0.634,0.747,0.723,0.7394,0.7158,0.7477,0.7216,0.7698,0.6784
CRIZOTINIB,511,236,105,0.172,0.7654,0.5358,0.7912,0.5477,0.7952,0.5714,0.7881,0.5517,0.8048,0.5394
CYCLOPHOSPHAMIDE,276,306,158,-0.042,0.5226,0.4921,0.5627,0.5088,0.5912,0.5314,0.5534,0.505,0.5389,0.5187
DABRAFENIB,258,309,165,0.516,0.7289,0.6777,0.772,0.7441,0.7138,0.7261,0.7836,0.744,0.7467,0.7479
DASATINIB,519,231,120,0.696,0.7858,0.7672,0.8746,0.8509,0.8748,0.8482,0.8703,0.8458,0.8664,0.8224
DINACICLIB,264,300,155,0.59,0.9043,0.8311,0.9528,0.8237,0.9287,0.8537,0.9512,0.8422,0.9512,0.8236
DOCETAXEL,248,321,162,0.591,0.7923,0.7509,0.8218,0.743,0.8151,0.7534,0.7916,0.7503,0.7888,0.7305
ELOXATIN,514,259,141,0.372,0.6562,0.7007,0.7806,0.8028,0.7522,0.7933,0.7877,0.8133,0.7787,0.8042
ENTINOSTAT,509,242,131,0.599,0.8385,0.8043,0.8334,0.8363,0.8441,0.8442,0.8602,0.8583,0.8378,0.8443
ERLOTINIB,519,249,122,0.422,0.7383,0.6146,0.8133,0.6678,0.8014,0.6523,0.8113,0.6763,0.795,0.6561
EXEL-2880,508,252,138,0.533,0.663,0.603,0.674,0.6835,0.7085,0.6881,0.6893,0.7078,0.6765,0.7107
FLUOROURACIL,521,262,144,0.499,0.7452,0.6869,0.7941,0.691,0.791,0.7232,0.7958,0.7279,0.7814,0.6839
GEFITINIB,509,247,126,0.254,0.6009,0.5418,0.6803,0.6123,0.6737,0.6028,0.6639,0.5912,0.6745,0.5639
GEMCITABINE,475,265,146,0.687,0.8914,0.7947,0.8662,0.7482,0.9325,0.8199,0.8904,0.7757,0.8176,0.6895
GX15-070,526,234,114,0.371,0.7386,0.5401,0.8002,0.6173,0.8168,0.6057,0.8105,0.6095,0.7704,0.5827
ICI-46474,511,244,133,0.092,0.5746,0.4997,0.5906,0.5119,0.5562,0.5168,0.5622,0.508,0.5417,0.4939
KU-55933,510,0,0,0.355,0.5036,,0.621,,0.6143,,0.6224,,0.6012,
LAPATINIB,487,258,145,0.422,0.662,0.637,0.801,0.7136,0.7795,0.6976,0.7943,0.7189,0.7771,0.7189
M-39831,522,246,135,0.129,0.4895,0.5036,0.5297,0.5492,0.4977,0.5315,0.4873,0.5183,0.517,0.5615
MIRA 1,367,279,146,0.039,0.5997,0.6101,0.6958,0.6216,0.6805,0.6244,0.7084,0.644,0.7,0.6425
MK 2206,481,252,141,0.498,0.671,0.6609,0.6987,0.7224,0.6948,0.7507,0.7041,0.7498,0.7321,0.758
MOLIBRESIB,525,226,123,0.469,0.7216,0.6172,0.7829,0.6336,0.7795,0.6391,0.7745,0.6377,0.7891,0.6431
MST 312,517,247,128,0.489,0.7163,0.8013,0.7768,0.8355,0.7988,0.8523,0.7702,0.8581,0.7673,0.8082
NAVITOCLAX,520,234,121,0.512,0.7193,0.6868,0.7472,0.7397,0.7502,0.7218,0.7626,0.7586,0.7152,0.7434
NELARABINE,478,253,132,0.099,0.5594,0.5306,0.5443,0.5561,0.5617,0.5784,0.5563,0.5316,0.5482,0.5255
NILOTINIB,514,235,119,0.093,0.4427,0.4875,0.5063,0.6348,0.4592,0.572,0.4972,0.5958,0.5411,0.6331
NVP ADW742,508,234,128,0.333,0.6654,0.6712,0.7158,0.7255,0.7257,0.7222,0.7351,0.7417,0.7251,0.7414
OLAPARIB,523,251,137,0.247,0.6376,0.5392,0.7896,0.5734,0.7473,0.5517,0.7795,0.5573,0.7489,0.5541
PACLITAXEL,511,243,125,0.39,0.761,0.6432,0.8287,0.6961,0.8252,0.7226,0.8227,0.7182,0.8293,0.7058
PEVONEDISTAT,497,241,130,0.639,0.7623,0.727,0.8677,0.7933,0.8478,0.7884,0.8722,0.8111,0.8386,0.7739
PICTILISIB,530,233,125,0.459,0.6516,0.5887,0.7699,0.5809,0.7481,0.6405,0.7862,0.6191,0.7563,0.6096
PLX 4720,508,262,133,0.37,0.4933,0.5616,0.5783,0.5747,0.5675,0.5664,0.5844,0.5693,0.581,0.5919
RAPAMYCIN,525,231,124,0.317,0.7099,0.6333,0.7341,0.58,0.7276,0.6317,0.7639,0.5799,0.7054,0.5024
REBEMADLIN,507,247,144,0.503,0.8143,0.8101,0.8013,0.7753,0.8132,0.8194,0.8221,0.7967,0.8076,0.8149
RUXOLITINIB,517,229,123,0.234,0.7117,0.5737,0.8195,0.5693,0.7816,0.5927,0.794,0.5793,0.7996,0.5864
SEPANTRONIUM BROMIDE,471,249,122,0.662,0.7949,0.7784,0.8547,0.7944,0.8871,0.8359,0.8442,0.7917,0.8316,0.7658
TENIPOSIDE,269,290,157,0.652,0.8256,0.787,0.8091,0.7594,0.8159,0.7638,0.8128,0.7867,0.7421,0.704
TOPOTECAN,528,219,116,0.617,0.8766,0.7622,0.8667,0.7605,0.9199,0.828,0.8945,0.7808,0.884,0.7824
TRAMETINIB,261,313,146,0.754,0.8936,0.8575,0.9176,0.8846,0.9032,0.866,0.9045,0.8801,0.8827,0.8448
VENETOCLAX,317,302,154,0.203,0.5866,0.6144,0.6122,0.6506,0.6261,0.65,0.6314,0.6482,0.5975,0.6331
VINCRISTINE,533,223,127,0.653,0.8511,0.8332,0.8607,0.8173,0.8736,0.8351,0.8809,0.8348,0.8531,0.8301
VORINOSTAT,510,241,133,0.628,0.8025,0.8127,0.8348,0.8213,0.8336,0.8145,0.8353,0.8198,0.8423,0.8253
YK 4-279,520,230,132,0.577,0.8405,0.7237,0.8156,0.7837,0.8405,0.7976,0.8382,0.8088,0.8241,0.7964
