drug,n_shared,n_train_full,n_train_cons,rho,n_test_cons,S_Random Forest|cons,C_Random Forest|cons,D_Random Forest|cons,S_Random Forest|gdsc2,C_Random Forest|gdsc2,D_Random Forest|gdsc2,S_Random Forest|ctrp,C_Random Forest|ctrp,D_Random Forest|ctrp,S_Logistic Regression|cons,C_Logistic Regression|cons,D_Logistic Regression|cons,S_Logistic Regression|gdsc2,C_Logistic Regression|gdsc2,D_Logistic Regression|gdsc2,S_Logistic Regression|ctrp,C_Logistic Regression|ctrp,D_Logistic Regression|ctrp
1035270-39-3,416,195,95,0.253,28,0.764102564102564,0.8205128205128205,0.7435897435897436,0.5244444444444445,0.6251851851851852,0.5822222222222222,0.756235827664399,0.7145691609977325,0.6992630385487527,0.7076923076923077,0.8,0.6564102564102564,0.49037037037037035,0.6162962962962963,0.4666666666666666,0.6989795918367346,0.6604308390022676,0.6882086167800454
284461-73-0,447,209,91,0.257,39,0.8631578947368421,0.894736842105263,0.8065789473684211,0.7758064516129033,0.7870967741935485,0.7731182795698923,0.7765432098765432,0.7824691358024691,0.6587654320987655,0.6631578947368421,0.9315789473684211,0.6921052631578948,0.6731182795698925,0.8290322580645162,0.6827956989247312,0.5550617283950617,0.7718518518518519,0.6217283950617285
ADAVOSERTIB,448,210,121,0.503,55,0.8960597826086956,0.8994565217391304,0.8315217391304348,0.8195266272189349,0.8348126232741617,0.7633136094674556,0.8148148148148149,0.8076543209876543,0.8002469135802469,0.873641304347826,0.90625,0.7839673913043479,0.8106508875739644,0.8708086785009862,0.7435897435897436,0.7412345679012345,0.8074074074074074,0.72
AFATINIB,424,198,109,0.486,48,0.9018518518518519,0.8962962962962963,0.8722222222222222,0.8061224489795917,0.822562358276644,0.8066893424036281,0.7820443482963764,0.7920497566252027,0.7477014602487833,0.7851851851851852,0.8444444444444444,0.7592592592592593,0.7414965986394557,0.7596371882086168,0.7312925170068028,0.6392644672796105,0.7333693888588426,0.6641427798810168
ALISERTIB,430,200,120,0.489,43,0.84375,0.8020833333333334,0.798611111111111,0.6534722222222222,0.6069444444444445,0.6305555555555555,0.8324524312896406,0.8102536997885835,0.8076109936575053,0.724537037037037,0.8310185185185186,0.9050925925925927,0.6458333333333334,0.6291666666666667,0.75,0.7156448202959831,0.8440803382663847,0.8287526427061311
ALPELISIB,337,158,88,0.469,36,0.7515625,0.8421875,0.715625,0.6767399267399268,0.7857142857142857,0.6666666666666666,0.6967993079584776,0.7175605536332179,0.666522491349481,0.6281249999999999,0.7749999999999999,0.70625,0.5842490842490843,0.7161172161172161,0.6428571428571429,0.6262975778546712,0.6643598615916955,0.671280276816609
APO866,184,86,61,0.656,25,0.8896103896103896,0.8831168831168831,0.8246753246753247,0.8541666666666667,0.828125,0.7786458333333334,0.7894736842105263,0.8240997229916898,0.7548476454293629,0.8831168831168831,0.9025974025974026,0.857142857142857,0.828125,0.859375,0.8489583333333333,0.8005540166204985,0.8199445983379501,0.736842105263158
ASP-7487,468,219,119,0.455,55,0.7873641304347827,0.7438858695652174,0.7860054347826086,0.7474533106960951,0.696095076400679,0.7406621392190152,0.7288365776369398,0.7129923042100498,0.7234042553191488,0.7201086956521738,0.7051630434782609,0.6942934782608696,0.7011884550084889,0.6757215619694398,0.6426146010186756,0.6464463558171117,0.6568583069262109,0.6206428248076054
AZD 2171,225,105,44,0.367,26,0.8452380952380952,0.7202380952380952,0.6488095238095238,0.7037037037037037,0.6311728395061729,0.6358024691358025,0.7391304347826088,0.6363636363636364,0.5158102766798419,0.6666666666666666,0.6666666666666667,0.6309523809523809,0.5771604938271605,0.5709876543209877,0.6450617283950617,0.6086956521739131,0.6324110671936759,0.5098814229249012
AZD7762,461,215,135,0.592,61,0.864516129032258,0.863978494623656,0.8779569892473118,0.8182788051209104,0.7955192034139403,0.8221906116642957,0.7451433857539316,0.7668825161887143,0.7493061979648473,0.8623655913978494,0.8827956989247311,0.8602150537634408,0.783072546230441,0.8186344238975818,0.7852062588904694,0.7567067530064754,0.7562442183163738,0.7363552266419982
BEZ235,338,158,80,0.388,37,0.7661764705882352,0.7926470588235295,0.7147058823529412,0.6948470209339774,0.7375201288244767,0.6441223832528179,0.6855536332179931,0.6833910034602075,0.6626297577854672,0.6235294117647059,0.6970588235294118,0.6852941176470588,0.6521739130434783,0.6231884057971013,0.5877616747181964,0.5821799307958477,0.6634948096885814,0.6237024221453287
BIBR-1532,446,208,77,0.068,35,0.6966666666666667,0.6399999999999999,0.7566666666666667,0.5893066980023502,0.54524089306698,0.6292596944770857,0.5837037037037037,0.5251851851851852,0.625925925925926,0.45333333333333337,0.5966666666666667,0.6466666666666666,0.500587544065805,0.5311398354876616,0.5475910693301999,0.465679012345679,0.5437037037037037,0.5604938271604939
BMS 536924,435,203,118,0.552,51,0.597962382445141,0.6865203761755485,0.6637931034482758,0.5527777777777778,0.6388888888888888,0.61,0.6440274841437632,0.6429704016913319,0.65776955602537,0.6003134796238244,0.7225705329153604,0.6065830721003135,0.6055555555555555,0.6644444444444444,0.6155555555555555,0.589323467230444,0.6569767441860466,0.5692389006342494
BMS-345541,421,197,93,0.327,38,0.9333333333333333,0.8958333333333334,0.9277777777777778,0.8311298076923076,0.8371394230769231,0.8323317307692307,0.7693798449612402,0.7632890365448505,0.7793466223698782,0.8888888888888888,0.8916666666666666,0.9416666666666667,0.7560096153846154,0.8076923076923077,0.8064903846153846,0.7724252491694352,0.7535991140642303,0.7879291251384274
BORTEZOMIB,435,203,113,0.427,41,0.6399521531100478,0.7332535885167464,0.6519138755980861,0.5987878787878788,0.643030303030303,0.5836363636363636,0.6133720930232558,0.6931818181818181,0.656448202959831,0.6459330143540669,0.7488038277511961,0.6339712918660287,0.6484848484848484,0.6751515151515152,0.6036363636363636,0.5734672304439746,0.6575052854122622,0.6136363636363635
CRA-032765,312,145,82,0.46,30,0.8201058201058201,0.8095238095238095,0.8624338624338626,0.8119658119658121,0.8361823361823362,0.8675213675213675,0.639616935483871,0.6169354838709677,0.6799395161290323,0.7407407407407407,0.7037037037037037,0.7883597883597884,0.7435897435897436,0.7264957264957265,0.8062678062678064,0.6088709677419355,0.5897177419354839,0.6139112903225805
CRIZOTINIB,426,198,75,0.168,38,0.794034090909091,0.8409090909090909,0.8068181818181819,0.5796875,0.6109375,0.5640625,0.7909680908599243,0.803677663601947,0.8077339102217415,0.8181818181818182,0.8465909090909092,0.8465909090909092,0.5864583333333333,0.6166666666666667,0.615625,0.7912385073012439,0.7917793401838832,0.822065981611682
DABRAFENIB,226,106,62,0.524,25,0.9722222222222222,0.9583333333333334,0.9375,0.9191919191919191,0.898989898989899,0.9242424242424242,0.775992438563327,0.7589792060491493,0.7088846880907371,0.8611111111111112,0.8680555555555556,0.888888888888889,0.8232323232323232,0.8383838383838385,0.8888888888888888,0.6502835538752362,0.6635160680529301,0.661625708884688
DASATINIB,457,214,145,0.696,60,0.895,0.8922222222222222,0.8900000000000001,0.8806244260789715,0.882001836547291,0.8787878787878788,0.7996219281663516,0.7965500945179584,0.8031663516068053,0.7744444444444445,0.8644444444444445,0.8355555555555556,0.7750229568411386,0.8494031221303948,0.8236914600550964,0.6824196597353497,0.775992438563327,0.7400756143667296
DINACICLIB,220,102,61,0.594,30,0.9330357142857143,0.9330357142857143,0.90625,0.8958333333333333,0.8958333333333333,0.875,0.8379446640316206,0.8468379446640316,0.8073122529644269,0.9330357142857143,0.9375,0.875,0.8611111111111112,0.8819444444444444,0.8402777777777778,0.849802371541502,0.8379446640316205,0.7905138339920948
DOCETAXEL,226,106,66,0.589,31,0.8815789473684211,0.8289473684210527,0.8640350877192983,0.8461538461538461,0.7937062937062936,0.8181818181818182,0.8440453686200378,0.8204158790170132,0.8553875236294897,0.8157894736842105,0.8201754385964912,0.8859649122807017,0.8041958041958042,0.8181818181818181,0.8601398601398601,0.7731568998109641,0.7882797731568998,0.8412098298676749
ELOXATIN,463,217,106,0.371,47,0.9706959706959707,0.9963369963369962,0.9798534798534798,0.8888888888888888,0.8922413793103449,0.8912835249042146,0.8457446808510638,0.8503700277520814,0.8401942645698428,0.9413919413919415,0.989010989010989,0.9377289377289377,0.8381226053639846,0.8975095785440613,0.8323754789272031,0.8020351526364478,0.8353376503237743,0.7687326549491211
ENTINOSTAT,431,202,124,0.593,54,0.8681626928471248,0.8744740532959328,0.8478260869565218,0.8216783216783217,0.8228438228438228,0.7942890442890442,0.7986257928118393,0.8134249471458773,0.794661733615222,0.8541374474053296,0.8541374474053296,0.7938288920056101,0.8123543123543123,0.8100233100233101,0.7517482517482518,0.7943974630021141,0.806553911205074,0.7748414376321353
ERLOTINIB,445,208,103,0.429,47,0.884963768115942,0.9375000000000001,0.8858695652173914,0.7258064516129032,0.782258064516129,0.7313508064516129,0.8091358024691357,0.8390123456790123,0.817283950617284,0.786231884057971,0.9202898550724637,0.8134057971014493,0.7006048387096774,0.7651209677419355,0.6955645161290323,0.7190123456790124,0.8241975308641974,0.7762962962962964
EXEL-2880,440,205,119,0.532,53,0.7792022792022792,0.8425925925925926,0.7863247863247863,0.6852022058823529,0.7449448529411764,0.6884191176470588,0.7444444444444445,0.7805555555555556,0.7459595959595959,0.7464387464387464,0.8361823361823362,0.7136752136752137,0.703125,0.7573529411764707,0.6856617647058825,0.6328282828282829,0.7681818181818182,0.6141414141414141
FLUOROURACIL,469,219,120,0.493,47,0.9009803921568628,0.9343137254901961,0.8686274509803921,0.7251950947603121,0.7547380156075808,0.681159420289855,0.823581560283688,0.8404255319148937,0.7965425531914894,0.807843137254902,0.8901960784313725,0.7666666666666667,0.7302118171683389,0.7558528428093645,0.7101449275362319,0.6919326241134751,0.7686170212765957,0.6724290780141844
GEFITINIB,436,204,79,0.255,47,0.5639097744360901,0.8872180451127819,0.4548872180451128,0.5229700854700855,0.8482905982905983,0.4081196581196581,0.5816115702479339,0.7293388429752066,0.5224690082644629,0.5695488721804511,0.7857142857142857,0.4887218045112782,0.5480769230769231,0.7275641025641026,0.4551282051282052,0.5552685950413223,0.6704545454545454,0.5537190082644629
GEMCITABINE,414,193,135,0.688,56,0.839080459770115,0.8761174968071521,0.8371647509578545,0.8134408602150538,0.8586021505376343,0.8123655913978495,0.782520325203252,0.8182346109175377,0.7476771196283393,0.8607918263090677,0.8697318007662834,0.8467432950191571,0.8473118279569892,0.8526881720430108,0.8279569892473118,0.7845528455284552,0.8101045296167247,0.7630662020905923
GX15-070,440,205,111,0.379,44,0.9256198347107437,0.9545454545454545,0.896694214876033,0.8055555555555555,0.84,0.7955555555555555,0.7580808080808081,0.7901515151515152,0.7573232323232324,0.7417355371900828,0.9318181818181819,0.8677685950413223,0.7044444444444444,0.8044444444444444,0.7533333333333333,0.6242424242424242,0.7661616161616162,0.7474747474747475
ICI-46474,442,207,76,0.088,32,0.4047619047619048,0.35714285714285715,0.6277056277056278,0.498421052631579,0.4363157894736842,0.5852631578947368,0.4795454545454545,0.5244949494949496,0.5209595959595961,0.36796536796536794,0.4372294372294372,0.5757575757575758,0.4473684210526316,0.44315789473684214,0.5326315789473683,0.40606060606060607,0.5484848484848484,0.55
LAPATINIB,424,198,102,0.432,48,0.8994708994708994,0.8977072310405644,0.8641975308641975,0.8112980769230769,0.8155048076923076,0.7884615384615385,0.8031368307193077,0.7755543537047052,0.7758247701460248,0.7654320987654321,0.8888888888888888,0.7848324514991182,0.7127403846153846,0.8016826923076923,0.734375,0.7825851811790158,0.7842076798269335,0.7495943753380205
M-39831,445,210,85,0.144,29,0.6763157894736842,0.6789473684210527,0.5789473684210527,0.5429411764705881,0.5888235294117647,0.5070588235294117,0.5965432098765432,0.5580246913580247,0.5182716049382716,0.6210526315789474,0.6894736842105262,0.5631578947368421,0.5564705882352942,0.6329411764705882,0.5458823529411764,0.4632098765432099,0.5427160493827161,0.4982716049382717
MK 2206,418,196,107,0.495,51,0.7549342105263158,0.725328947368421,0.7023026315789473,0.7443609022556391,0.7393483709273183,0.699874686716792,0.6564625850340136,0.6054421768707483,0.6244331065759637,0.7302631578947367,0.7302631578947368,0.675986842105263,0.7330827067669172,0.7681704260651628,0.6604010025062657,0.6139455782312925,0.5209750566893424,0.6145124716553289
MOLIBRESIB,437,204,107,0.474,54,0.813103448275862,0.7496551724137931,0.7806896551724137,0.6471354166666666,0.5950520833333334,0.6276041666666666,0.8166322314049587,0.7802169421487603,0.7727272727272727,0.7213793103448276,0.7489655172413794,0.8013793103448277,0.6015625,0.6397569444444444,0.6710069444444444,0.7324380165289256,0.7613636363636364,0.7675619834710744
MST 312,440,205,105,0.484,60,0.939377085650723,0.956618464961068,0.9149054505005562,0.9044117647058822,0.9067337461300309,0.8943498452012384,0.8015151515151515,0.8353535353535353,0.7633838383838383,0.7753058954393771,0.9087875417130145,0.8453837597330367,0.7654798761609907,0.8792569659442724,0.8660990712074303,0.6833333333333333,0.7631313131313131,0.6823232323232324
NAVITOCLAX,446,208,114,0.514,56,0.8486590038314177,0.8659003831417625,0.7803320561941252,0.7754820936639119,0.8549127640036731,0.7598714416896235,0.7488888888888889,0.7264197530864197,0.6990123456790123,0.768837803320562,0.8441890166028096,0.7394636015325671,0.7033976124885216,0.8282828282828284,0.7171717171717171,0.6928395061728395,0.6982716049382716,0.6577777777777778
NELARABINE,398,186,65,0.105,26,0.6893491124260356,0.5739644970414202,0.5621301775147929,0.6481481481481481,0.5546737213403881,0.5617283950617284,0.561875,0.481875,0.541875,0.8047337278106509,0.5917159763313609,0.650887573964497,0.7001763668430335,0.5379188712522046,0.6437389770723104,0.63,0.529375,0.53375
NILOTINIB,439,205,81,0.093,30,0.6842105263157894,0.8110047846889953,0.6124401913875598,0.6182795698924731,0.6896383186705767,0.5591397849462365,0.5833333333333334,0.5972222222222223,0.5434343434343435,0.38277511961722493,0.7751196172248804,0.5358851674641147,0.4232649071358749,0.6422287390029325,0.530791788856305,0.5217171717171717,0.6161616161616161,0.5277777777777778
NVP ADW742,438,204,105,0.338,39,0.7973684210526315,0.8421052631578948,0.8092105263157896,0.6290322580645162,0.6713014460511679,0.6790878754171302,0.6766528925619834,0.7017045454545455,0.6539256198347108,0.6526315789473685,0.8526315789473684,0.631578947368421,0.6040044493882092,0.7096774193548387,0.6429365962180199,0.5795454545454545,0.6652892561983471,0.5056818181818181
OLAPARIB,451,211,83,0.239,38,0.8361344537815126,0.7843137254901961,0.8389355742296919,0.7065476190476191,0.6571428571428573,0.7267857142857143,0.7509661835748792,0.7173913043478262,0.7355072463768116,0.7170868347338935,0.803921568627451,0.8011204481792717,0.675,0.669047619047619,0.7214285714285714,0.6183574879227053,0.6855072463768116,0.6995169082125604
PACLITAXEL,441,205,109,0.393,41,0.7952380952380953,0.8571428571428572,0.8309523809523809,0.6869612068965517,0.7241379310344828,0.6923491379310345,0.7742424242424244,0.7858585858585859,0.7767676767676767,0.8619047619047618,0.8785714285714286,0.830952380952381,0.716594827586207,0.759698275862069,0.6896551724137931,0.7914141414141413,0.7707070707070707,0.7388888888888889
PEVONEDISTAT,429,200,129,0.632,50,0.9238782051282052,0.9230769230769231,0.936698717948718,0.8854166666666667,0.8929398148148147,0.9097222222222222,0.8401838831800974,0.8247701460248782,0.8055705786911843,0.8846153846153846,0.9150641025641025,0.9118589743589743,0.8159722222222222,0.8842592592592592,0.8819444444444444,0.8431584640346133,0.8301784748512709,0.8339643050297457
PICTILISIB,464,217,120,0.461,51,0.7309523809523809,0.723015873015873,0.5865079365079365,0.6661764705882354,0.6803921568627451,0.5818627450980393,0.7028214616096208,0.7025901942645698,0.5934320074005551,0.5301587301587302,0.6396825396825396,0.5095238095238095,0.5421568627450981,0.6558823529411765,0.5078431372549019,0.5559666975023128,0.6036077705827937,0.5536540240518039
PLX 4720,460,215,105,0.368,49,0.6841666666666666,0.7058333333333333,0.6599999999999999,0.5674740484429066,0.6254325259515571,0.569636678200692,0.7333487511563367,0.6429232192414431,0.6917206290471787,0.6266666666666667,0.7033333333333334,0.645,0.5484429065743944,0.6505190311418685,0.5588235294117647,0.6581868640148011,0.5790934320074006,0.6614246068455134
RAPAMYCIN,446,208,101,0.316,44,0.8197916666666667,0.7937500000000001,0.709375,0.6138807429130009,0.6011730205278593,0.520039100684262,0.8128395061728395,0.7866666666666667,0.7229629629629629,0.8020833333333333,0.7708333333333334,0.6583333333333333,0.6588465298142717,0.6168132942326491,0.5317693059628543,0.7486419753086421,0.7283950617283951,0.6538271604938272
REBEMADLIN,452,211,125,0.511,54,0.8723702664796634,0.9410939691444601,0.8260869565217391,0.8304227941176471,0.9241727941176471,0.7881433823529411,0.8183574879227054,0.8485507246376811,0.7898550724637682,0.9509116409537167,0.9523141654978963,0.9102384291725105,0.8979779411764706,0.942095588235294,0.8685661764705883,0.8062801932367151,0.8207729468599033,0.7942028985507246
RUXOLITINIB,432,202,87,0.226,35,0.8202614379084967,0.8774509803921569,0.8839869281045751,0.7196428571428573,0.6910714285714286,0.711904761904762,0.6952959830866807,0.7581923890063424,0.7227801268498943,0.8169934640522876,0.8790849673202614,0.8594771241830066,0.7000000000000001,0.6797619047619048,0.7035714285714286,0.66384778012685,0.7256871035940803,0.6797040169133193
SEPANTRONIUM BROMIDE,403,189,125,0.665,57,0.8666253101736973,0.8176178660049628,0.7431761786600496,0.8291505791505791,0.8074324324324325,0.7331081081081081,0.825,0.7560975609756098,0.6856707317073171,0.8672456575682382,0.890818858560794,0.8982630272952853,0.8426640926640927,0.8725868725868726,0.8426640926640926,0.8158536585365853,0.8298780487804878,0.8085365853658536
TENIPOSIDE,219,102,64,0.646,30,0.8883928571428571,0.9040178571428572,0.9241071428571428,0.8786764705882353,0.9025735294117647,0.9044117647058824,0.8450413223140496,0.8181818181818181,0.8770661157024794,0.9285714285714286,0.9375,0.9330357142857143,0.9117647058823529,0.9227941176470589,0.9227941176470589,0.8987603305785125,0.9008264462809916,0.890495867768595
TOPOTECAN,442,206,132,0.613,52,0.923076923076923,0.9415680473372781,0.9178994082840237,0.8305555555555556,0.8361111111111111,0.8394444444444443,0.8472222222222223,0.8608585858585859,0.8386363636363636,0.9571005917159763,0.977810650887574,0.8964497041420119,0.8477777777777779,0.8744444444444445,0.8244444444444444,0.8636363636363635,0.8691919191919192,0.8287878787878787
TRAMETINIB,231,107,79,0.757,27,0.8916666666666667,0.875,0.9416666666666667,0.8700980392156863,0.8651960784313726,0.9240196078431372,0.845108695652174,0.8088768115942029,0.8414855072463767,0.861111111111111,0.9333333333333333,0.9444444444444445,0.8333333333333334,0.892156862745098,0.9019607843137255,0.8315217391304347,0.894927536231884,0.8297101449275363
VENETOCLAX,284,133,50,0.168,26,0.8690476190476191,0.7827380952380952,0.7113095238095238,0.785,0.755,0.5874999999999999,0.6908866995073892,0.6360837438423645,0.6798029556650246,0.6309523809523809,0.7857142857142858,0.5476190476190476,0.56,0.7250000000000001,0.525,0.5431034482758621,0.6576354679802956,0.5554187192118227
VINCRISTINE,446,208,139,0.654,58,0.9139393939393939,0.9018181818181817,0.8981818181818182,0.888425925925926,0.8759259259259259,0.8537037037037036,0.8434567901234569,0.834320987654321,0.8422222222222221,0.9066666666666667,0.8933333333333333,0.890909090909091,0.8777777777777778,0.8629629629629629,0.8675925925925926,0.822716049382716,0.8153086419753086,0.8202469135802468
VORINOSTAT,437,204,131,0.622,56,0.947741935483871,0.9464516129032259,0.96,0.9328042328042329,0.9423280423280425,0.9386243386243386,0.8391012396694215,0.8264462809917357,0.8566632231404958,0.8696774193548387,0.9109677419354839,0.9238709677419354,0.8666666666666667,0.9132275132275132,0.9079365079365079,0.7809917355371901,0.7840909090909091,0.7882231404958677
YK 4-279,452,211,132,0.571,49,0.9267241379310346,0.9448275862068966,0.9362068965517242,0.8123123123123124,0.8113113113113113,0.8068068068068068,0.8536231884057971,0.8596618357487922,0.87487922705314,0.9448275862068966,0.9448275862068966,0.9706896551724138,0.8318318318318318,0.7957957957957957,0.8248248248248248,0.878743961352657,0.8845410628019323,0.9028985507246376
