drug,rho,ext_RF,int_RF,ctrp_dynrange,gdsc_dynrange,n_ctrp,lineage_entropy
1035270-39-3,0.247,0.4964,0.7758,1.6940775550285871,0.06808610020385722,469,2.7128396690586514
284461-73-0,0.237,0.7743,0.7537,1.547187395243195,0.09211581305862798,517,2.652986764151023
A-1065-5,0.045,0.4579,0.6953,1.3935981748810107,0.07249622071311684,529,2.611616096224532
ADAVOSERTIB,0.509,0.8562,0.8661,1.9298715625847704,0.11893794546823021,506,2.457269401827483
AFATINIB,0.488,0.7505,0.8294,2.0558612771507887,0.11773410621846189,465,2.6046959402447376
ALISERTIB,0.493,0.8133,0.8612,2.5719196051353195,0.12899105362262694,518,2.397667236270592
ALPELISIB,0.468,0.6887,0.6592,1.6828461018153422,0.06593537541170777,364,2.610610167804423
APO866,0.667,0.8769,0.8235,3.673458748897946,0.17449707453496716,448,2.729609916266009
ASP-7487,0.449,0.717,0.7566,1.4323848632195209,0.0632019629684662,517,2.5842402962492117
AZD 2171,0.373,0.6299,0.6737,1.4605265101146585,0.08195407518385239,261,2.790578141704034
AZD-8055,0.232,0.4821,0.711,2.344426034895974,0.11173315996474846,531,2.5833036408663066
AZD7762,0.593,0.7447,0.7247,1.9554151285015788,0.1449825671469162,527,2.424550498942966
BEZ235,0.385,0.6014,0.7639,2.109109761199685,0.09403553683594572,383,2.4840702103945667
BIBR-1532,0.067,0.5112,0.6295,1.0129149048485555,0.056049553858306775,514,2.6416250908610683
BMS 536924,0.554,0.6207,0.6676,1.454408448147896,0.10363661791226313,509,2.6100040810260343
BMS-345541,0.328,0.6448,0.8282,0.8841877897125594,0.05261143195344695,508,2.602721463587398
BORTEZOMIB,0.437,0.6192,0.7061,1.1978904147705183,0.08182045945098114,509,2.5682858506185458
CRA-032765,0.464,0.723,0.747,2.052449239948898,0.10362588659063544,366,2.5400084664087528
CRIZOTINIB,0.172,0.5477,0.7912,1.4195817454162047,0.0731331870580707,511,2.374996284432385
CYCLOPHOSPHAMIDE,-0.042,0.5088,0.5627,0.9050531823974625,0.031184396278156928,276,2.6720538621597485
DABRAFENIB,0.516,0.7441,0.772,2.2254827535844126,0.10859392239130805,258,2.4699263043584
DASATINIB,0.696,0.8509,0.8746,2.836120878858573,0.147105611010027,519,2.780127113029017
DINACICLIB,0.59,0.8237,0.9528,3.0641881810000897,0.11890394539482022,264,2.3581578207182248
DOCETAXEL,0.591,0.743,0.8218,3.6015151721193446,0.1349772719647402,248,2.2538389637317415
ELOXATIN,0.372,0.8028,0.7806,1.4539973676368019,0.0804880363363619,514,2.4718292354074265
ENTINOSTAT,0.599,0.8363,0.8334,1.7503634179946463,0.10747873564131959,509,2.3413439049936895
ERLOTINIB,0.422,0.6678,0.8133,1.745946595918387,0.06598481424385765,519,2.676777076209269
EXEL-2880,0.533,0.6835,0.674,1.923302069198751,0.12433558182611437,508,2.53992774812958
FLUOROURACIL,0.499,0.691,0.7941,1.5145544924834768,0.08188804214758912,521,2.590229023598132
GEFITINIB,0.254,0.6123,0.6803,1.7528906644565962,0.06465735069770628,509,2.7005082945312853
GEMCITABINE,0.687,0.7482,0.8662,3.4882399461639944,0.17361748921111578,475,2.412029956457479
GX15-070,0.371,0.6173,0.8002,1.6959832756924396,0.086295770898324,526,2.4565369739475265
ICI-46474,0.092,0.5119,0.5906,1.0881470087540077,0.05706348883093809,511,2.6674482005165547
LAPATINIB,0.422,0.7136,0.801,1.6395969657374272,0.10215629727954006,487,2.570353637178442
M-39831,0.129,0.5492,0.5297,0.8060721509727098,0.05061452196820716,522,2.695671367386606
MIRA 1,0.039,0.6216,0.6958,1.306545244905052,0.0387617191847154,367,2.3474499914884115
MK 2206,0.498,0.7224,0.6987,1.6746744046957407,0.10178040601316744,481,2.5581053819581117
MOLIBRESIB,0.469,0.6336,0.7829,1.8349294326346717,0.09041985513390613,525,2.4178194928817724
MST 312,0.489,0.8355,0.7768,0.972468496407532,0.11083933542965516,517,2.516970430886619
NAVITOCLAX,0.512,0.7397,0.7472,2.524781375157834,0.1735956712335233,520,2.5940669518603743
NELARABINE,0.099,0.5561,0.5443,1.3984002736799026,0.04748927845382847,478,2.784225937165512
NILOTINIB,0.093,0.6348,0.5063,2.1589268230263623,0.09650215852198253,514,2.7211953710287804
NVP ADW742,0.333,0.7255,0.7158,1.3942552967348263,0.09075541910271909,508,2.614609930802054
OLAPARIB,0.247,0.5734,0.7896,1.3374835456096326,0.060352541509282466,523,2.5236733355468988
PACLITAXEL,0.39,0.6961,0.8287,3.779059066840399,0.08443583212090604,511,2.3794585289970995
PEVONEDISTAT,0.639,0.7933,0.8677,2.298965480542725,0.16716187580688116,497,2.6517704405510085
PICTILISIB,0.459,0.5809,0.7699,1.767154623569251,0.0936833603573446,530,2.7076532991193236
PLX 4720,0.37,0.5747,0.5783,1.2656352417354317,0.06730667926706657,508,2.7620790965419832
RAPAMYCIN,0.317,0.58,0.7341,2.702766244336946,0.09075252583843044,525,2.4214646301542437
REBEMADLIN,0.503,0.7753,0.8013,1.4402361087890034,0.08455911233213391,507,2.57478533145819
RUXOLITINIB,0.234,0.5693,0.8195,1.1963522177655403,0.05064454827395079,517,2.5782259594244934
SEPANTRONIUM BROMIDE,0.662,0.7944,0.8547,2.252548896662711,0.1477239022697546,471,2.649088474940362
TENIPOSIDE,0.652,0.7594,0.8091,2.759942993197549,0.1482159387231775,269,2.136113933318309
TOPOTECAN,0.617,0.7605,0.8667,2.6101431437115408,0.14925752216693244,528,2.4533780740039193
TRAMETINIB,0.754,0.8846,0.9176,3.2799714543356147,0.16012974033501629,261,2.5832219501603713
VENETOCLAX,0.203,0.6506,0.6122,2.8764617324761192,0.12720623083324092,317,2.5092852192334267
VINCRISTINE,0.653,0.8173,0.8607,3.6061956867911333,0.20828842285219273,533,2.3035231239514604
VORINOSTAT,0.628,0.8213,0.8348,1.2744383247323514,0.0860748136327888,510,2.3599139533140447
YK 4-279,0.577,0.7837,0.8156,1.3076484938074373,0.11463910211517028,520,2.4047730298117957
