drug,rho,int_Logistic Regression,ext_Logistic Regression,int_Random Forest,ext_Random Forest,int_SVM (RBF),ext_SVM (RBF)
1035270-39-3,0.247,0.5993,0.5582,0.6135,0.4951,0.6265,0.5243
284461-73-0,0.237,0.7636,0.6493,0.8294,0.6774,0.8499,0.6939
ADAVOSERTIB,0.509,0.8488,0.7627,0.8869,0.821,0.8872,0.8179
AFATINIB,0.488,0.6555,0.6943,0.8104,0.7856,0.7873,0.7919
ALISERTIB,0.493,0.7483,0.7624,0.7963,0.7733,0.7989,0.7683
ALPELISIB,0.468,0.6573,0.6244,0.7605,0.7169,0.7508,0.6985
APO866,0.667,0.8772,0.743,0.8648,0.7498,0.8634,0.7604
ASP-7487,0.449,0.6691,0.5983,0.6563,0.7133,0.6834,0.6991
AZD 2171,0.373,0.5349,0.6042,0.6242,0.6309,0.6361,0.6628
AZD7762,0.593,0.8128,0.7829,0.8552,0.7602,0.8416,0.7737
BEZ235,0.385,0.7314,0.6143,0.7083,0.6847,0.7125,0.6846
BIBR-1532,0.067,0.5637,0.5174,0.5707,0.511,0.5714,0.5167
BMS 536924,0.554,0.6624,0.6149,0.6497,0.6887,0.6565,0.7126
BMS-345541,0.328,0.6109,0.661,0.7315,0.7713,0.7187,0.7599
BORTEZOMIB,0.437,0.5938,0.635,0.7294,0.7213,0.6843,0.6878
CRA-032765,0.464,0.6464,0.6701,0.7497,0.7068,0.7568,0.7187
CRIZOTINIB,0.172,0.6689,0.5361,0.6927,0.6766,0.6964,0.6588
CYCLOPHOSPHAMIDE,-0.042,0.4843,0.5372,0.5439,0.5382,0.5306,0.528
DABRAFENIB,0.516,0.752,0.6578,0.7731,0.7302,0.7589,0.7417
DASATINIB,0.696,0.8593,0.7824,0.8965,0.8071,0.9073,0.8188
DINACICLIB,0.59,0.8568,0.8616,0.8718,0.9112,0.8727,0.9085
DOCETAXEL,0.591,0.7799,0.8806,0.8449,0.9018,0.8529,0.9094
ELOXATIN,0.372,0.8293,0.745,0.8423,0.8188,0.8431,0.8024
ENTINOSTAT,0.599,0.8398,0.8108,0.8282,0.855,0.8323,0.8633
ERLOTINIB,0.422,0.6601,0.7155,0.7274,0.7337,0.7382,0.7235
EXEL-2880,0.533,0.7784,0.7413,0.7418,0.731,0.7544,0.7466
FLUOROURACIL,0.499,0.5804,0.7418,0.7125,0.8073,0.6848,0.8243
FULVESTRANT,0.162,0.5551,0.6233,0.6017,0.6283,0.5925,0.6545
GEFITINIB,0.254,0.6513,0.5533,0.77,0.601,0.7388,0.6062
GEMCITABINE,0.687,0.816,0.8534,0.8272,0.8921,0.8054,0.888
GX15-070,0.371,0.6453,0.6914,0.7595,0.7851,0.7569,0.7679
ICI-46474,0.092,0.461,0.4754,0.4806,0.4588,0.4694,0.4649
LAPATINIB,0.422,0.7145,0.6932,0.7279,0.7912,0.7273,0.7818
M-39831,0.129,0.5473,0.5442,0.5947,0.5788,0.617,0.5757
MIRA 1,0.039,0.4818,0.5299,0.5429,0.7296,0.5566,0.7066
MK 2206,0.498,0.6273,0.6858,0.7499,0.7197,0.7255,0.7223
MOLIBRESIB,0.469,0.6682,0.6826,0.7096,0.7106,0.6992,0.698
MST 312,0.489,0.7385,0.752,0.8426,0.8115,0.8473,0.8339
NAVITOCLAX,0.512,0.7903,0.6889,0.8031,0.7172,0.8163,0.7139
NELARABINE,0.099,0.4974,0.5758,0.5906,0.5272,0.5845,0.5358
NILOTINIB,0.093,0.6073,0.5786,0.6797,0.5828,0.6722,0.5831
NVP ADW742,0.333,0.6827,0.661,0.6726,0.7007,0.6885,0.6837
OLAPARIB,0.247,0.5993,0.5804,0.6156,0.7032,0.6544,0.6945
PACLITAXEL,0.39,0.7503,0.7052,0.6838,0.8177,0.7173,0.8115
PEVONEDISTAT,0.639,0.7689,0.7698,0.8462,0.7821,0.8441,0.8171
PICTILISIB,0.459,0.5684,0.5375,0.6177,0.6136,0.6398,0.6019
PLX 4720,0.37,0.5208,0.5342,0.6365,0.6139,0.6109,0.5791
RAPAMYCIN,0.317,0.5705,0.6013,0.6522,0.6554,0.6841,0.6478
REBEMADLIN,0.503,0.8713,0.8091,0.8698,0.8703,0.89,0.8434
RUXOLITINIB,0.234,0.4795,0.6437,0.5557,0.686,0.5513,0.6988
SEPANTRONIUM BROMIDE,0.662,0.8498,0.7794,0.8528,0.7654,0.8815,0.8049
TENIPOSIDE,0.652,0.8046,0.7772,0.8063,0.8004,0.8507,0.8116
TOPOTECAN,0.617,0.8317,0.8196,0.8541,0.8874,0.8382,0.8685
TRAMETINIB,0.754,0.8825,0.8785,0.8745,0.8404,0.8905,0.8731
VENETOCLAX,0.203,0.6534,0.579,0.7078,0.6775,0.7165,0.6871
VINCRISTINE,0.653,0.8798,0.8563,0.8925,0.8804,0.9071,0.8878
VORINOSTAT,0.628,0.8936,0.8313,0.8952,0.8516,0.9103,0.8554
YK 4-279,0.577,0.8438,0.8175,0.8008,0.8214,0.8136,0.8438
