drug,rho,n_ext,int_spearman,ext_spearman
1035270-39-3,0.247,291,0.461,0.115
284461-73-0,0.237,268,0.2912,0.4572
A-1065-5,0.045,106,0.345,0.0802
ADAVOSERTIB,0.509,272,0.5217,0.5857
AFATINIB,0.488,310,0.384,0.3277
ALISERTIB,0.493,262,0.5459,0.5449
ALPELISIB,0.468,373,0.272,0.219
APO866,0.667,149,0.4905,0.6624
ASP-7487,0.449,280,0.3336,0.3447
AZD 2171,0.373,423,0.2297,0.162
AZD-8055,0.232,41,0.3349,0.3045
AZD7762,0.593,263,0.5552,0.4957
BEZ235,0.385,336,0.459,0.2874
BIBR-1532,0.067,255,0.2459,0.024
BMS 536924,0.554,262,0.3697,0.1513
BMS-345541,0.328,247,0.4876,0.3395
BORTEZOMIB,0.437,275,0.3334,0.2407
CRA-032765,0.464,341,0.4413,0.3878
CRIZOTINIB,0.172,261,0.4276,0.0768
CYCLOPHOSPHAMIDE,-0.042,413,0.0918,0.0495
DABRAFENIB,0.516,432,0.4019,0.354
DASATINIB,0.696,253,0.4845,0.5346
DINACICLIB,0.59,403,0.7005,0.5793
DOCETAXEL,0.591,442,0.5936,0.4671
ELOXATIN,0.372,284,0.4957,0.5092
ENTINOSTAT,0.599,247,0.5814,0.5981
ERLOTINIB,0.422,261,0.3397,0.3491
EXEL-2880,0.533,256,0.4936,0.4903
FLUOROURACIL,0.499,279,0.4395,0.3704
FULVESTRANT,0.162,525,-0.092,0.0878
GEFITINIB,0.254,253,0.3115,0.25
GEMCITABINE,0.687,298,0.6864,0.6141
GX15-070,0.371,249,0.4909,0.2524
ICI-46474,0.092,260,0.0144,-0.1078
LAPATINIB,0.422,273,0.4437,0.3722
M-39831,0.129,267,0.0523,0.1265
MIRA 1,0.039,338,0.3915,0.162
MK 2206,0.498,300,0.2286,0.3243
MOLIBRESIB,0.469,260,0.3994,0.1936
MST 312,0.489,256,0.4539,0.4846
NAVITOCLAX,0.512,269,0.3857,0.3663
NELARABINE,0.099,267,0.1738,0.0768
NILOTINIB,0.093,266,0.0547,0.2153
NVP ADW742,0.333,275,0.3459,0.3193
OLAPARIB,0.247,260,0.4548,0.2181
PACLITAXEL,0.39,262,0.4746,0.2723
PEVONEDISTAT,0.639,274,0.5396,0.5011
PICTILISIB,0.459,266,0.3104,0.1093
PLX 4720,0.37,285,0.3235,0.2304
RAPAMYCIN,0.317,257,0.3139,0.0566
REBEMADLIN,0.503,271,0.5899,0.4728
RUXOLITINIB,0.234,235,0.2386,0.1341
SEPANTRONIUM BROMIDE,0.662,280,0.6595,0.6655
TENIPOSIDE,0.652,398,0.6261,0.5139
TOPOTECAN,0.617,235,0.704,0.6351
TRAMETINIB,0.754,425,0.6082,0.5843
VENETOCLAX,0.203,379,0.3416,0.3639
VINCRISTINE,0.653,227,0.6695,0.6024
VORINOSTAT,0.628,270,0.5967,0.5183
YK 4-279,0.577,256,0.5903,0.5617
