drug,spearman,pearson_z,kendall,ext
1035270-39-3,0.24722764569515202,0.5531910560179378,0.1671513888378185,0.4964
284461-73-0,0.23707110074237256,0.49454942397354884,0.1632974356767508,0.7743
A-1065-5,0.04538178557610786,0.04519679681346466,0.02871676484223748,0.4579
ADAVOSERTIB,0.5092198001728387,0.5164234872289707,0.3608153512342437,0.8562
AFATINIB,0.48769099827095275,0.6652554747836869,0.3479255815689288,0.7505
ALISERTIB,0.49348521579042237,0.599489194944174,0.34827886787321116,0.8133
ALPELISIB,0.4676322551887386,0.45462215518368443,0.32448888817840804,0.6887
APO866,0.6674335652269747,0.6629435488374404,0.4963515877733279,0.8769
ASP-7487,0.4491067041167136,0.569062987843185,0.31225928275393633,0.717
AZD 2171,0.37262630552998893,0.7009653118099967,0.2652185725712063,0.6299
AZD-8055,0.23159965034965035,0.20069385674004328,0.15865384615384617,0.4821
AZD7762,0.5931240906791245,0.6205100321155624,0.42757953989841274,0.7447
BEZ235,0.3848498410537233,0.38602053686124727,0.2653583187470567,0.6014
BIBR-1532,0.0665170384241993,0.10322807358334055,0.04612587938661745,0.5112
BMS 536924,0.5536800338585287,0.6103183486118727,0.39248644411284206,0.6207
BMS-345541,0.32779071065777193,0.29487245081353874,0.22306623331844425,0.6448
BORTEZOMIB,0.43746755795012426,0.43395571868381205,0.30624848448856556,0.6192
CRA-032765,0.46394512195065835,0.6559462681749709,0.3218989991587261,0.723
CRIZOTINIB,0.17247562213525794,0.3161071941017883,0.11715011362284825,0.5477
CYCLOPHOSPHAMIDE,-0.04170164421546423,0.014044501595785693,-0.028995425698868947,0.5088
DABRAFENIB,0.5157602267750634,0.8074898880821763,0.37224951113154087,0.7441
DASATINIB,0.696210631749331,0.7448576697987054,0.5127975558871211,0.8509
DINACICLIB,0.5900989189886285,0.5598870275559871,0.4138856079786774,0.8237
DOCETAXEL,0.5911568970236143,0.5771132236316191,0.41765711030947406,0.743
ELOXATIN,0.3721712853250829,0.5262246429677346,0.2565888817837283,0.8028
ENTINOSTAT,0.5987752961918347,0.595123367283841,0.42677925043238063,0.8363
ERLOTINIB,0.42161979059295523,0.529922786402574,0.2918569331268024,0.6678
EXEL-2880,0.5332213074502681,0.6760611533609016,0.38624646450090616,0.6835
FLUOROURACIL,0.4986228927480195,0.6158023571787952,0.34828912859325506,0.691
GEFITINIB,0.25387036956172665,0.4797866296575176,0.17294550023288158,0.6123
GEMCITABINE,0.6868464500181088,0.6921564233209496,0.4992129072093124,0.7482
GX15-070,0.3706747246822974,0.36193552548270413,0.25136950388568385,0.6173
ICI-46474,0.09189173668288647,0.10943574230279131,0.061566972879739355,0.5119
LAPATINIB,0.4216270933503484,0.5381321423960622,0.2895902079673212,0.7136
M-39831,0.12933099103526696,0.18601229352797433,0.08666770105325698,0.5492
MIRA 1,0.0394762092087182,0.09311699695179323,0.02612034154385653,0.6216
MK 2206,0.4980952040389156,0.6172362353863964,0.3487879849342224,0.7224
MOLIBRESIB,0.46904431242655986,0.5426864672287423,0.3301468527949414,0.6336
MST 312,0.4893362769155159,0.4930066826745169,0.3418092909751369,0.8355
NAVITOCLAX,0.5117537579431795,0.6208659463620602,0.36184345850879585,0.7397
NELARABINE,0.09925164843578715,0.5061725238822117,0.06698370343374739,0.5561
NILOTINIB,0.09259353965316326,0.6501365174182945,0.06446222377340537,0.6348
NVP ADW742,0.3330553481279964,0.39379544840462316,0.23271470751144419,0.7255
OLAPARIB,0.24730241208501894,0.37600097985305525,0.16323719537405687,0.5734
PACLITAXEL,0.39029451708711493,0.3542114322913017,0.26339741485504903,0.6961
PEVONEDISTAT,0.6388592655931281,0.6460846498665445,0.4608351026327127,0.7933
PICTILISIB,0.45921675120379535,0.5198536438387757,0.31748028507573167,0.5809
PLX 4720,0.3697826136344437,0.49355922296115556,0.2613490007567158,0.5747
RAPAMYCIN,0.3168958951491115,0.33764417872714575,0.21594234340725796,0.58
REBEMADLIN,0.5032109947168191,0.7245208577565304,0.353173768850982,0.7753
RUXOLITINIB,0.23418742210546095,0.4282167529841567,0.15910392538391308,0.5693
SEPANTRONIUM BROMIDE,0.6618535197829895,0.6354879504399844,0.48324096290281704,0.7944
TENIPOSIDE,0.6517297966750638,0.7292704853971348,0.4707094380053536,0.7594
TOPOTECAN,0.6166862338434195,0.6462567331759614,0.4456982781725371,0.7605
TRAMETINIB,0.7536611064852843,0.7875869381916604,0.5568851389440385,0.8846
VENETOCLAX,0.2027228592675426,0.7076515587397811,0.14023659525375035,0.6506
VINCRISTINE,0.6531661831463064,0.6522261755957244,0.47415151222703017,0.8173
VORINOSTAT,0.6281852205051632,0.6063175085653424,0.44984674648159695,0.8213
YK 4-279,0.5771430961784082,0.5922084077479165,0.40774793568244655,0.7837
