n,spearman,p,median_ext,category,setting
59,0.81,8.372471018526794e-15,0.696,binarization,tertile
59,0.808,1.0111479904637627e-14,0.648,binarization,median
58,0.768,2.022717783931894e-12,0.734,binarization,quartile
59,0.777,4.78645919185079e-13,0.691,n_features,50
59,0.773,7.224495584438903e-13,0.692,n_features,100
59,0.81,8.372471018526794e-15,0.696,n_features,200
59,0.802,2.355396193941537e-14,0.71,n_features,500
59,0.81,8.372471018526794e-15,0.696,selection,point-biserial
59,0.8,3.017414474041519e-14,0.699,selection,mutual-info
59,0.811,6.812352115808836e-15,0.706,selection,lasso
