pair,src,dst,drug,rho,n_ext,int_Random Forest,ext_Random Forest,int_Logistic Regression,ext_Logistic Regression
CTRP->GDSC2,CTRP,GDSC2,1035270-39-3,0.247,255,0.7795,0.5008,0.736,0.4793
CTRP->GDSC2,CTRP,GDSC2,284461-73-0,0.237,242,0.755,0.7712,0.6772,0.6399
CTRP->GDSC2,CTRP,GDSC2,A-1065-5,0.045,98,0.6937,0.4654,0.6703,0.5877
CTRP->GDSC2,CTRP,GDSC2,ADAVOSERTIB,0.509,247,0.8672,0.855,0.8338,0.8007
CTRP->GDSC2,CTRP,GDSC2,AFATINIB,0.488,270,0.8254,0.7537,0.7096,0.6304
CTRP->GDSC2,CTRP,GDSC2,ALISERTIB,0.493,227,0.8612,0.8116,0.7848,0.7231
CTRP->GDSC2,CTRP,GDSC2,ALPELISIB,0.468,282,0.6605,0.6889,0.6347,0.5995
CTRP->GDSC2,CTRP,GDSC2,APO866,0.667,117,0.8244,0.8751,0.6899,0.781
CTRP->GDSC2,CTRP,GDSC2,ASP-7487,0.449,240,0.7622,0.7154,0.7073,0.6917
CTRP->GDSC2,CTRP,GDSC2,AZD 2171,0.373,314,0.6734,0.6244,0.6724,0.5682
CTRP->GDSC2,CTRP,GDSC2,AZD-8055,0.232,40,0.7135,0.4706,0.657,0.5243
CTRP->GDSC2,CTRP,GDSC2,AZD7762,0.593,240,0.7267,0.74,0.7485,0.6813
CTRP->GDSC2,CTRP,GDSC2,BEZ235,0.385,269,0.7636,0.5942,0.6491,0.5771
CTRP->GDSC2,CTRP,GDSC2,BIBR-1532,0.067,246,0.6297,0.515,0.5335,0.4291
CTRP->GDSC2,CTRP,GDSC2,BMS 536924,0.554,229,0.6664,0.6242,0.6721,0.5887
CTRP->GDSC2,CTRP,GDSC2,BMS-345541,0.328,236,0.8263,0.649,0.817,0.5929
CTRP->GDSC2,CTRP,GDSC2,BORTEZOMIB,0.437,258,0.7075,0.6188,0.6029,0.6126
CTRP->GDSC2,CTRP,GDSC2,CRA-032765,0.464,267,0.7477,0.7254,0.6458,0.634
CTRP->GDSC2,CTRP,GDSC2,CRIZOTINIB,0.172,236,0.7879,0.5485,0.7654,0.5358
CTRP->GDSC2,CTRP,GDSC2,CYCLOPHOSPHAMIDE,-0.042,306,0.5418,0.5091,0.5226,0.4921
CTRP->GDSC2,CTRP,GDSC2,DABRAFENIB,0.516,309,0.7664,0.7442,0.7289,0.6777
CTRP->GDSC2,CTRP,GDSC2,DASATINIB,0.696,231,0.875,0.8508,0.7858,0.7672
CTRP->GDSC2,CTRP,GDSC2,DINACICLIB,0.59,300,0.9543,0.8249,0.9043,0.8311
CTRP->GDSC2,CTRP,GDSC2,DOCETAXEL,0.591,321,0.8225,0.7437,0.7923,0.7509
CTRP->GDSC2,CTRP,GDSC2,ELOXATIN,0.372,259,0.7827,0.8041,0.6562,0.7007
CTRP->GDSC2,CTRP,GDSC2,ENTINOSTAT,0.599,242,0.834,0.8351,0.8385,0.8043
CTRP->GDSC2,CTRP,GDSC2,ERLOTINIB,0.422,249,0.8103,0.6679,0.7383,0.6146
CTRP->GDSC2,CTRP,GDSC2,EXEL-2880,0.533,252,0.6742,0.682,0.663,0.603
CTRP->GDSC2,CTRP,GDSC2,FLUOROURACIL,0.499,262,0.7935,0.6902,0.7452,0.6869
CTRP->GDSC2,CTRP,GDSC2,FULVESTRANT,0.162,366,0.4325,0.5894,0.4175,0.5127
CTRP->GDSC2,CTRP,GDSC2,GEFITINIB,0.254,247,0.6803,0.6147,0.6009,0.5418
CTRP->GDSC2,CTRP,GDSC2,GEMCITABINE,0.687,265,0.8621,0.7425,0.8914,0.7947
CTRP->GDSC2,CTRP,GDSC2,GX15-070,0.371,234,0.8011,0.6146,0.7386,0.5401
CTRP->GDSC2,CTRP,GDSC2,ICI-46474,0.092,244,0.5881,0.5067,0.5746,0.4997
CTRP->GDSC2,CTRP,GDSC2,LAPATINIB,0.422,258,0.8002,0.7146,0.662,0.637
CTRP->GDSC2,CTRP,GDSC2,M-39831,0.129,246,0.5244,0.5547,0.4895,0.5036
CTRP->GDSC2,CTRP,GDSC2,MIRA 1,0.039,279,0.6997,0.6208,0.5997,0.6101
CTRP->GDSC2,CTRP,GDSC2,MK 2206,0.498,252,0.7051,0.7212,0.671,0.6609
CTRP->GDSC2,CTRP,GDSC2,MOLIBRESIB,0.469,226,0.7822,0.6359,0.7216,0.6172
CTRP->GDSC2,CTRP,GDSC2,MST 312,0.489,247,0.7745,0.837,0.7163,0.8013
CTRP->GDSC2,CTRP,GDSC2,NAVITOCLAX,0.512,234,0.7436,0.7368,0.7193,0.6868
CTRP->GDSC2,CTRP,GDSC2,NELARABINE,0.099,253,0.5439,0.5663,0.5594,0.5306
CTRP->GDSC2,CTRP,GDSC2,NILOTINIB,0.093,235,0.5086,0.6329,0.4427,0.4875
CTRP->GDSC2,CTRP,GDSC2,NVP ADW742,0.333,234,0.7164,0.7213,0.6654,0.6712
CTRP->GDSC2,CTRP,GDSC2,OLAPARIB,0.247,251,0.7916,0.5708,0.6376,0.5392
CTRP->GDSC2,CTRP,GDSC2,PACLITAXEL,0.39,243,0.8309,0.6961,0.761,0.6432
CTRP->GDSC2,CTRP,GDSC2,PEVONEDISTAT,0.639,241,0.8683,0.7954,0.7623,0.727
CTRP->GDSC2,CTRP,GDSC2,PICTILISIB,0.459,233,0.7688,0.5841,0.6516,0.5887
CTRP->GDSC2,CTRP,GDSC2,PLX 4720,0.37,262,0.5716,0.5767,0.4933,0.5616
CTRP->GDSC2,CTRP,GDSC2,RAPAMYCIN,0.317,231,0.7333,0.5783,0.7099,0.6333
CTRP->GDSC2,CTRP,GDSC2,REBEMADLIN,0.503,247,0.7996,0.7754,0.8143,0.8101
CTRP->GDSC2,CTRP,GDSC2,RUXOLITINIB,0.234,229,0.8132,0.5581,0.7117,0.5737
CTRP->GDSC2,CTRP,GDSC2,SEPANTRONIUM BROMIDE,0.662,249,0.8488,0.7959,0.7949,0.7784
CTRP->GDSC2,CTRP,GDSC2,TENIPOSIDE,0.652,290,0.8159,0.7592,0.8256,0.787
CTRP->GDSC2,CTRP,GDSC2,TOPOTECAN,0.617,219,0.865,0.76,0.8766,0.7622
CTRP->GDSC2,CTRP,GDSC2,TRAMETINIB,0.754,313,0.9215,0.8828,0.8936,0.8575
CTRP->GDSC2,CTRP,GDSC2,VENETOCLAX,0.203,302,0.6164,0.6458,0.5866,0.6144
CTRP->GDSC2,CTRP,GDSC2,VINCRISTINE,0.653,223,0.8597,0.8215,0.8511,0.8332
CTRP->GDSC2,CTRP,GDSC2,VORINOSTAT,0.628,241,0.836,0.8199,0.8025,0.8127
CTRP->GDSC2,CTRP,GDSC2,YK 4-279,0.577,230,0.8137,0.7813,0.8405,0.7237
CTRP->PRISM,CTRP,PRISM,ABT-737,0.233,185,0.806,0.6034,0.7554,0.5759
CTRP->PRISM,CTRP,PRISM,AFATINIB,0.439,152,0.8254,0.8741,0.7096,0.6974
CTRP->PRISM,CTRP,PRISM,ALISERTIB,0.343,190,0.8612,0.604,0.7848,0.6192
CTRP->PRISM,CTRP,PRISM,ALPELISIB,0.32,324,0.6605,0.6276,0.6347,0.6291
CTRP->PRISM,CTRP,PRISM,ALVOCIDIB,0.146,359,0.8214,0.5297,0.7605,0.5528
CTRP->PRISM,CTRP,PRISM,AM-580,0.048,169,0.5896,0.5202,0.5358,0.5215
CTRP->PRISM,CTRP,PRISM,AT13387,0.21,379,0.809,0.6128,0.7482,0.5822
CTRP->PRISM,CTRP,PRISM,AT7867,0.149,125,0.7743,0.5143,0.7098,0.4526
CTRP->PRISM,CTRP,PRISM,AZACITIDINE,0.056,276,0.6712,0.5681,0.5694,0.5237
CTRP->PRISM,CTRP,PRISM,AZD1480,0.05,222,0.8093,0.5872,0.72,0.5599
CTRP->PRISM,CTRP,PRISM,AZD7762,0.384,185,0.7267,0.4599,0.7485,0.5511
CTRP->PRISM,CTRP,PRISM,BARASERTIB,0.291,272,0.8027,0.6255,0.7819,0.6216
CTRP->PRISM,CTRP,PRISM,BELINOSTAT,0.289,386,0.874,0.5903,0.8388,0.6144
CTRP->PRISM,CTRP,PRISM,BENDAMUSTINE,0.019,175,0.755,0.5573,0.6856,0.5142
CTRP->PRISM,CTRP,PRISM,BEXAROTENE,0.079,272,0.7126,0.6599,0.6711,0.5364
CTRP->PRISM,CTRP,PRISM,BI-2536,0.461,185,0.9003,0.5991,0.8799,0.6733
CTRP->PRISM,CTRP,PRISM,BIBR-1532,0.019,186,0.6297,0.4639,0.5335,0.5044
CTRP->PRISM,CTRP,PRISM,BIRINAPANT,0.252,179,0.6691,0.5434,0.5935,0.5625
CTRP->PRISM,CTRP,PRISM,BIX-01294,0.052,194,0.8815,0.5287,0.8053,0.6039
CTRP->PRISM,CTRP,PRISM,BMS-345541,-0.043,180,0.8263,0.5183,0.817,0.4937
CTRP->PRISM,CTRP,PRISM,BMS-754807,0.341,279,0.7549,0.6074,0.7056,0.5515
CTRP->PRISM,CTRP,PRISM,BORTEZOMIB,0.203,283,0.7075,0.367,0.6029,0.4396
CTRP->PRISM,CTRP,PRISM,CABOZANTINIB,0.22,185,0.6872,0.5038,0.5921,0.5037
CTRP->PRISM,CTRP,PRISM,CANERTINIB,0.341,277,0.7814,0.7734,0.6687,0.7137
CTRP->PRISM,CTRP,PRISM,CARBOPLATIN,-0.037,188,0.6719,0.5089,0.5276,0.438
CTRP->PRISM,CTRP,PRISM,CD-437,0.254,188,0.8382,0.5956,0.8318,0.5842
CTRP->PRISM,CTRP,PRISM,CHLORAMBUCIL,0.116,178,0.8675,0.6228,0.8094,0.587
CTRP->PRISM,CTRP,PRISM,CICLOPIROX,0.214,179,0.8708,0.5785,0.843,0.5805
CTRP->PRISM,CTRP,PRISM,CIMETIDINE,-0.057,235,0.5099,0.4599,0.5277,0.4494
CTRP->PRISM,CTRP,PRISM,CLOFARABINE,0.437,191,0.893,0.6479,0.9172,0.6182
CTRP->PRISM,CTRP,PRISM,CRIZOTINIB,0.116,269,0.7879,0.5467,0.7654,0.5708
CTRP->PRISM,CTRP,PRISM,CURCUMIN,0.191,183,0.8327,0.6347,0.7465,0.564
CTRP->PRISM,CTRP,PRISM,CYCLOPHOSPHAMIDE,0.054,163,0.5418,0.4607,0.5226,0.4406
CTRP->PRISM,CTRP,PRISM,DABRAFENIB,0.358,342,0.7664,0.7022,0.7289,0.679
CTRP->PRISM,CTRP,PRISM,DACARBAZINE,0.052,263,0.7694,0.4011,0.6625,0.5175
CTRP->PRISM,CTRP,PRISM,DASATINIB,0.495,263,0.875,0.8107,0.7858,0.705
CTRP->PRISM,CTRP,PRISM,DECITABINE,0.194,280,0.8777,0.6066,0.7998,0.6164
CTRP->PRISM,CTRP,PRISM,DINACICLIB,0.342,381,0.9543,0.6836,0.9043,0.6586
CTRP->PRISM,CTRP,PRISM,DOCETAXEL,0.241,381,0.8225,0.4993,0.7923,0.5257
CTRP->PRISM,CTRP,PRISM,DOXORUBICIN,0.384,182,0.8869,0.5558,0.8575,0.5684
CTRP->PRISM,CTRP,PRISM,ENTINOSTAT,0.392,181,0.834,0.6658,0.8385,0.644
CTRP->PRISM,CTRP,PRISM,ERASTIN,0.354,146,0.7765,0.702,0.7204,0.6779
CTRP->PRISM,CTRP,PRISM,ERLOTINIB,0.391,289,0.8103,0.6754,0.7383,0.6454
CTRP->PRISM,CTRP,PRISM,ETOMOXIR,-0.049,183,0.6673,0.4062,0.6129,0.467
CTRP->PRISM,CTRP,PRISM,ETOPOSIDE,0.433,186,0.8053,0.6091,0.7697,0.5907
CTRP->PRISM,CTRP,PRISM,ETP-46464,0.147,236,0.6441,0.5082,0.5081,0.4597
CTRP->PRISM,CTRP,PRISM,FLUVASTATIN,0.356,173,0.6379,0.7286,0.5649,0.5982
CTRP->PRISM,CTRP,PRISM,FULVESTRANT,0.078,225,0.4325,0.5159,0.4175,0.5099
CTRP->PRISM,CTRP,PRISM,GDC-0879,0.301,154,0.746,0.6223,0.7021,0.5973
CTRP->PRISM,CTRP,PRISM,GEFITINIB,0.337,277,0.6803,0.7624,0.6009,0.6592
CTRP->PRISM,CTRP,PRISM,GEMCITABINE,0.357,175,0.8621,0.5444,0.8914,0.5679
CTRP->PRISM,CTRP,PRISM,GOSSYPOL,0.181,194,0.7658,0.6383,0.6773,0.52
CTRP->PRISM,CTRP,PRISM,GSK461364,0.41,202,0.8926,0.6426,0.8826,0.6434
CTRP->PRISM,CTRP,PRISM,GW-405833,0.033,193,0.798,0.4598,0.7765,0.4456
CTRP->PRISM,CTRP,PRISM,GW-843682X,0.313,194,0.8127,0.7119,0.7646,0.6041
CTRP->PRISM,CTRP,PRISM,I-BET151,0.103,192,0.8232,0.6419,0.7173,0.5534
CTRP->PRISM,CTRP,PRISM,IFOSFAMIDE,0.038,204,0.6735,0.5424,0.5787,0.4607
CTRP->PRISM,CTRP,PRISM,IMATINIB,0.057,194,0.7639,0.4909,0.6131,0.5182
CTRP->PRISM,CTRP,PRISM,INDISULAM,0.459,281,0.9183,0.6621,0.8245,0.6589
CTRP->PRISM,CTRP,PRISM,ISTRADEFYLLINE,0.151,200,0.4895,0.412,0.5151,0.4512
CTRP->PRISM,CTRP,PRISM,ITRACONAZOLE,-0.007,74,0.6458,0.4423,0.6108,0.394
CTRP->PRISM,CTRP,PRISM,KU-0063794,0.291,199,0.7549,0.5589,0.6824,0.5435
CTRP->PRISM,CTRP,PRISM,KW-2449,0.203,200,0.8913,0.5577,0.8846,0.5578
CTRP->PRISM,CTRP,PRISM,KX2-391,0.437,180,0.8665,0.6225,0.8447,0.6949
CTRP->PRISM,CTRP,PRISM,LAPATINIB,0.301,281,0.8002,0.7353,0.662,0.6435
CTRP->PRISM,CTRP,PRISM,LE-135,0.059,183,0.7163,0.5667,0.6576,0.5801
CTRP->PRISM,CTRP,PRISM,LENVATINIB,0.004,275,0.74,0.3772,0.6072,0.4052
CTRP->PRISM,CTRP,PRISM,LOMEGUATRIB,0.12,203,0.6525,0.6037,0.5854,0.544
CTRP->PRISM,CTRP,PRISM,LOVASTATIN,0.223,111,0.7003,0.581,0.6389,0.5911
CTRP->PRISM,CTRP,PRISM,METHOTREXATE,0.243,278,0.7555,0.6644,0.7764,0.5903
CTRP->PRISM,CTRP,PRISM,MGCD-265,0.014,184,0.801,0.5846,0.6873,0.5586
CTRP->PRISM,CTRP,PRISM,NAVITOCLAX,0.296,282,0.7436,0.5664,0.7193,0.6231
CTRP->PRISM,CTRP,PRISM,NELARABINE,0.066,170,0.5439,0.542,0.5594,0.4866
CTRP->PRISM,CTRP,PRISM,NERATINIB,0.279,282,0.7089,0.737,0.6856,0.6229
CTRP->PRISM,CTRP,PRISM,NICLOSAMIDE,0.163,187,0.8038,0.6219,0.6709,0.6095
CTRP->PRISM,CTRP,PRISM,NILOTINIB,0.156,165,0.5086,0.5577,0.4427,0.5222
CTRP->PRISM,CTRP,PRISM,NINTEDANIB,0.117,175,0.6482,0.4934,0.603,0.4419
CTRP->PRISM,CTRP,PRISM,OLAPARIB,0.33,275,0.7916,0.7102,0.6376,0.7031
CTRP->PRISM,CTRP,PRISM,OUABAIN,0.151,173,0.8508,0.5007,0.7525,0.5742
CTRP->PRISM,CTRP,PRISM,PACLITAXEL,0.153,290,0.8309,0.4341,0.761,0.5229
CTRP->PRISM,CTRP,PRISM,PARBENDAZOLE,0.429,191,0.8915,0.6369,0.8829,0.7008
CTRP->PRISM,CTRP,PRISM,PARTHENOLIDE,0.052,169,0.6519,0.4751,0.6324,0.503
CTRP->PRISM,CTRP,PRISM,PAZOPANIB,0.217,277,0.7989,0.6691,0.7883,0.6079
CTRP->PRISM,CTRP,PRISM,PEVONEDISTAT,0.334,296,0.8683,0.7123,0.7623,0.6497
CTRP->PRISM,CTRP,PRISM,PF-573228,0.137,178,0.7789,0.519,0.6928,0.467
CTRP->PRISM,CTRP,PRISM,RAF265,0.274,209,0.6467,0.6125,0.6393,0.5444
CTRP->PRISM,CTRP,PRISM,REGORAFENIB,0.126,175,0.5783,0.579,0.5179,0.4885
CTRP->PRISM,CTRP,PRISM,RIGOSERTIB,0.315,277,0.8559,0.5852,0.8461,0.6075
CTRP->PRISM,CTRP,PRISM,RITA,0.494,175,0.8823,0.8275,0.817,0.7342
CTRP->PRISM,CTRP,PRISM,RUXOLITINIB,0.258,251,0.8132,0.6426,0.7117,0.6453
CTRP->PRISM,CTRP,PRISM,SB-225002,0.348,163,0.9271,0.602,0.8872,0.5765
CTRP->PRISM,CTRP,PRISM,SB-431542,-0.056,184,0.5784,0.5528,0.508,0.5403
CTRP->PRISM,CTRP,PRISM,SB-525334,0.182,154,0.6842,0.5076,0.5977,0.4956
CTRP->PRISM,CTRP,PRISM,SB-743921,0.449,76,0.8448,0.629,0.866,0.6896
CTRP->PRISM,CTRP,PRISM,SIMVASTATIN,0.229,177,0.6549,0.4785,0.5695,0.5051
CTRP->PRISM,CTRP,PRISM,SKEPINONE-L,0.073,234,0.5865,0.5902,0.6772,0.5189
CTRP->PRISM,CTRP,PRISM,SKI-II,0.006,185,0.6494,0.5519,0.5933,0.5378
CTRP->PRISM,CTRP,PRISM,TACEDINALINE,0.146,315,0.8593,0.5705,0.7654,0.5005
CTRP->PRISM,CTRP,PRISM,TACROLIMUS,0.112,186,0.6526,0.5799,0.5733,0.5177
CTRP->PRISM,CTRP,PRISM,TANDUTINIB,0.049,164,0.7348,0.4757,0.5518,0.4971
CTRP->PRISM,CTRP,PRISM,TEMSIROLIMUS,0.173,362,0.6617,0.4426,0.5627,0.5108
CTRP->PRISM,CTRP,PRISM,TENIPOSIDE,0.338,376,0.8159,0.5358,0.8256,0.586
CTRP->PRISM,CTRP,PRISM,TIVANTINIB,0.357,382,0.8543,0.654,0.8316,0.6603
CTRP->PRISM,CTRP,PRISM,TOPOTECAN,0.517,185,0.865,0.7466,0.8766,0.7502
CTRP->PRISM,CTRP,PRISM,TOSEDOSTAT,0.209,198,0.7311,0.407,0.6923,0.4804
CTRP->PRISM,CTRP,PRISM,TPCA-1,0.247,179,0.7985,0.5856,0.7549,0.5999
CTRP->PRISM,CTRP,PRISM,TRAMETINIB,0.589,387,0.9215,0.8506,0.8936,0.8318
CTRP->PRISM,CTRP,PRISM,TRIPTOLIDE,0.239,171,0.8156,0.5492,0.7427,0.5841
CTRP->PRISM,CTRP,PRISM,VANDETANIB,0.278,275,0.6822,0.5524,0.6747,0.5266
CTRP->PRISM,CTRP,PRISM,VENETOCLAX,0.225,329,0.6164,0.7098,0.5866,0.6644
CTRP->PRISM,CTRP,PRISM,VINCRISTINE,0.47,189,0.8597,0.6457,0.8511,0.6994
CTRP->PRISM,CTRP,PRISM,VORINOSTAT,0.245,299,0.836,0.5881,0.8025,0.549
CTRP->PRISM,CTRP,PRISM,WP1130,0.076,186,0.7635,0.6225,0.6846,0.5946
CTRP->PRISM,CTRP,PRISM,WZ8040,0.272,188,0.7824,0.6956,0.7078,0.6427
GDSC2->PRISM,GDSC2,PRISM,AFATINIB,0.385,189,0.8114,0.8574,0.6555,0.7297
GDSC2->PRISM,GDSC2,PRISM,ALISERTIB,0.312,248,0.7958,0.5751,0.7483,0.637
GDSC2->PRISM,GDSC2,PRISM,ALPELISIB,0.251,331,0.7625,0.6547,0.6573,0.5855
GDSC2->PRISM,GDSC2,PRISM,AZD7762,0.405,226,0.852,0.5417,0.8128,0.5919
GDSC2->PRISM,GDSC2,PRISM,AZD8931,0.467,328,0.8843,0.799,0.8128,0.7379
GDSC2->PRISM,GDSC2,PRISM,BIBR-1532,-0.011,234,0.5777,0.4452,0.5637,0.4629
GDSC2->PRISM,GDSC2,PRISM,BMS-345541,-0.062,222,0.7307,0.5513,0.6109,0.5391
GDSC2->PRISM,GDSC2,PRISM,BORTEZOMIB,0.248,327,0.7231,0.452,0.5938,0.4773
GDSC2->PRISM,GDSC2,PRISM,BVD-523,0.307,222,0.7411,0.7303,0.6619,0.6604
GDSC2->PRISM,GDSC2,PRISM,CARMUSTINE,0.044,215,0.4764,0.5589,0.4458,0.534
GDSC2->PRISM,GDSC2,PRISM,CRIZOTINIB,0.039,322,0.6984,0.4629,0.6689,0.5124
GDSC2->PRISM,GDSC2,PRISM,CYCLOPHOSPHAMIDE,0.013,150,0.5434,0.513,0.4843,0.4836
GDSC2->PRISM,GDSC2,PRISM,CYTARABINE,0.16,201,0.8146,0.4933,0.7856,0.478
GDSC2->PRISM,GDSC2,PRISM,DABRAFENIB,0.353,307,0.7723,0.6639,0.752,0.6408
GDSC2->PRISM,GDSC2,PRISM,DASATINIB,0.55,319,0.8965,0.7741,0.8593,0.759
GDSC2->PRISM,GDSC2,PRISM,DINACICLIB,0.352,346,0.8753,0.6857,0.8568,0.6693
GDSC2->PRISM,GDSC2,PRISM,DOCETAXEL,0.31,329,0.8496,0.5611,0.7799,0.5994
GDSC2->PRISM,GDSC2,PRISM,ENTINOSTAT,0.321,232,0.8237,0.6176,0.8398,0.6503
GDSC2->PRISM,GDSC2,PRISM,EPIRUBICIN,0.352,147,0.8352,0.5915,0.7656,0.6218
GDSC2->PRISM,GDSC2,PRISM,ERLOTINIB,0.282,347,0.7274,0.6931,0.6601,0.6017
GDSC2->PRISM,GDSC2,PRISM,FULVESTRANT,0.083,176,0.5993,0.4799,0.5551,0.4577
GDSC2->PRISM,GDSC2,PRISM,GEFITINIB,0.239,347,0.7724,0.7023,0.6513,0.5722
GDSC2->PRISM,GDSC2,PRISM,GEMCITABINE,0.297,184,0.8232,0.5982,0.816,0.6053
GDSC2->PRISM,GDSC2,PRISM,IRINOTECAN,0.434,338,0.8845,0.7575,0.8342,0.7263
GDSC2->PRISM,GDSC2,PRISM,LAPATINIB,0.269,337,0.7286,0.7386,0.7145,0.7167
GDSC2->PRISM,GDSC2,PRISM,MITOXANTRONE,0.355,202,0.8427,0.5636,0.8252,0.5518
GDSC2->PRISM,GDSC2,PRISM,NAVITOCLAX,0.408,354,0.8025,0.5803,0.7903,0.5653
GDSC2->PRISM,GDSC2,PRISM,NELARABINE,-0.003,207,0.5983,0.4804,0.4974,0.4421
GDSC2->PRISM,GDSC2,PRISM,NILOTINIB,0.042,212,0.6753,0.5391,0.6073,0.5158
GDSC2->PRISM,GDSC2,PRISM,NIRAPARIB,0.276,345,0.7642,0.6524,0.6044,0.608
GDSC2->PRISM,GDSC2,PRISM,OLAPARIB,0.196,333,0.6153,0.6751,0.5993,0.5952
GDSC2->PRISM,GDSC2,PRISM,OSIMERTINIB,0.302,351,0.7058,0.7269,0.6319,0.6562
GDSC2->PRISM,GDSC2,PRISM,PACLITAXEL,0.259,329,0.681,0.4177,0.7503,0.5406
GDSC2->PRISM,GDSC2,PRISM,PALBOCICLIB,0.365,344,0.7673,0.6253,0.7622,0.6625
GDSC2->PRISM,GDSC2,PRISM,PEVONEDISTAT,0.378,362,0.8448,0.6627,0.7689,0.6379
GDSC2->PRISM,GDSC2,PRISM,RUXOLITINIB,0.054,320,0.5463,0.6731,0.4795,0.5316
GDSC2->PRISM,GDSC2,PRISM,SAVOLITINIB,0.063,285,0.5206,0.4936,0.5234,0.4926
GDSC2->PRISM,GDSC2,PRISM,TALAZOPARIB,0.348,344,0.7404,0.6326,0.7417,0.642
GDSC2->PRISM,GDSC2,PRISM,TASELISIB,0.482,216,0.6867,0.7095,0.7333,0.6604
GDSC2->PRISM,GDSC2,PRISM,TENIPOSIDE,0.39,351,0.8108,0.5493,0.8046,0.5146
GDSC2->PRISM,GDSC2,PRISM,TOPOTECAN,0.568,228,0.8554,0.7365,0.8317,0.6761
GDSC2->PRISM,GDSC2,PRISM,TRAMETINIB,0.591,342,0.8722,0.777,0.8825,0.7366
GDSC2->PRISM,GDSC2,PRISM,VENETOCLAX,0.14,315,0.706,0.6716,0.6534,0.5509
GDSC2->PRISM,GDSC2,PRISM,VINCRISTINE,0.53,230,0.8926,0.712,0.8798,0.715
GDSC2->PRISM,GDSC2,PRISM,VORINOSTAT,0.214,353,0.8968,0.6006,0.8936,0.5889
GDSC2->CTRP,GDSC2,CTRP,1035270-39-3,0.247,333,0.6159,0.4956,0.5993,0.5582
GDSC2->CTRP,GDSC2,CTRP,284461-73-0,0.237,376,0.8314,0.6742,0.7636,0.6493
GDSC2->CTRP,GDSC2,CTRP,A-1065-5,0.045,477,0.8053,0.3857,0.7826,0.4377
GDSC2->CTRP,GDSC2,CTRP,ADAVOSERTIB,0.509,374,0.8815,0.823,0.8488,0.7627
GDSC2->CTRP,GDSC2,CTRP,AFATINIB,0.488,343,0.8114,0.7826,0.6555,0.6943
GDSC2->CTRP,GDSC2,CTRP,ALISERTIB,0.493,380,0.7958,0.7748,0.7483,0.7624
GDSC2->CTRP,GDSC2,CTRP,ALPELISIB,0.468,242,0.7625,0.7192,0.6573,0.6244
GDSC2->CTRP,GDSC2,CTRP,APO866,0.667,396,0.8669,0.7486,0.8772,0.743
GDSC2->CTRP,GDSC2,CTRP,ASP-7487,0.449,358,0.6567,0.7115,0.6691,0.5983
GDSC2->CTRP,GDSC2,CTRP,AZD 2171,0.373,180,0.615,0.6289,0.5349,0.6042
GDSC2->CTRP,GDSC2,CTRP,AZD7762,0.593,382,0.852,0.7617,0.8128,0.7829
GDSC2->CTRP,GDSC2,CTRP,BEZ235,0.385,269,0.7188,0.6816,0.7314,0.6143
GDSC2->CTRP,GDSC2,CTRP,BIBR-1532,0.067,373,0.5777,0.5111,0.5637,0.5174
GDSC2->CTRP,GDSC2,CTRP,BMS 536924,0.554,365,0.6442,0.6884,0.6624,0.6149
GDSC2->CTRP,GDSC2,CTRP,BMS-345541,0.328,380,0.7307,0.7681,0.6109,0.661
GDSC2->CTRP,GDSC2,CTRP,BORTEZOMIB,0.437,382,0.7231,0.7243,0.5938,0.635
GDSC2->CTRP,GDSC2,CTRP,CRA-032765,0.464,262,0.7489,0.7062,0.6464,0.6701
GDSC2->CTRP,GDSC2,CTRP,CRIZOTINIB,0.172,370,0.6984,0.6757,0.6689,0.5361
GDSC2->CTRP,GDSC2,CTRP,CYCLOPHOSPHAMIDE,-0.042,198,0.5434,0.5387,0.4843,0.5372
GDSC2->CTRP,GDSC2,CTRP,DABRAFENIB,0.516,176,0.7723,0.7314,0.752,0.6578
GDSC2->CTRP,GDSC2,CTRP,DASATINIB,0.696,380,0.8965,0.809,0.8593,0.7824
GDSC2->CTRP,GDSC2,CTRP,DINACICLIB,0.59,194,0.8753,0.9128,0.8568,0.8616
GDSC2->CTRP,GDSC2,CTRP,DOCETAXEL,0.591,167,0.8496,0.9021,0.7799,0.8806
GDSC2->CTRP,GDSC2,CTRP,ELOXATIN,0.372,368,0.8395,0.8189,0.8293,0.745
GDSC2->CTRP,GDSC2,CTRP,ENTINOSTAT,0.599,358,0.8237,0.851,0.8398,0.8108
GDSC2->CTRP,GDSC2,CTRP,ERLOTINIB,0.422,382,0.7274,0.7316,0.6601,0.7155
GDSC2->CTRP,GDSC2,CTRP,EXEL-2880,0.533,358,0.738,0.7299,0.7784,0.7413
GDSC2->CTRP,GDSC2,CTRP,FLUOROURACIL,0.499,365,0.7135,0.8086,0.5804,0.7418
GDSC2->CTRP,GDSC2,CTRP,FULVESTRANT,0.162,87,0.5993,0.636,0.5551,0.6233
GDSC2->CTRP,GDSC2,CTRP,GEFITINIB,0.254,379,0.7724,0.6007,0.6513,0.5533
GDSC2->CTRP,GDSC2,CTRP,GEMCITABINE,0.687,334,0.8232,0.8892,0.816,0.8534
GDSC2->CTRP,GDSC2,CTRP,GX15-070,0.371,395,0.7611,0.7844,0.6453,0.6914
GDSC2->CTRP,GDSC2,CTRP,ICI-46474,0.092,370,0.4908,0.4604,0.461,0.4754
GDSC2->CTRP,GDSC2,CTRP,LAPATINIB,0.422,351,0.7286,0.7901,0.7145,0.6932
GDSC2->CTRP,GDSC2,CTRP,M-39831,0.129,385,0.5955,0.5769,0.5473,0.5442
GDSC2->CTRP,GDSC2,CTRP,MIRA 1,0.039,259,0.5388,0.7305,0.4818,0.5299
GDSC2->CTRP,GDSC2,CTRP,MK 2206,0.498,338,0.751,0.7214,0.6273,0.6858
GDSC2->CTRP,GDSC2,CTRP,MOLIBRESIB,0.469,378,0.7124,0.714,0.6682,0.6826
GDSC2->CTRP,GDSC2,CTRP,MST 312,0.489,375,0.8394,0.8119,0.7385,0.752
GDSC2->CTRP,GDSC2,CTRP,NAVITOCLAX,0.512,390,0.8025,0.7196,0.7903,0.6889
GDSC2->CTRP,GDSC2,CTRP,NELARABINE,0.099,365,0.5983,0.5273,0.4974,0.5758
GDSC2->CTRP,GDSC2,CTRP,NILOTINIB,0.093,379,0.6753,0.5828,0.6073,0.5786
GDSC2->CTRP,GDSC2,CTRP,NVP ADW742,0.333,362,0.6785,0.6977,0.6827,0.661
GDSC2->CTRP,GDSC2,CTRP,OLAPARIB,0.247,388,0.6153,0.6942,0.5993,0.5804
GDSC2->CTRP,GDSC2,CTRP,PACLITAXEL,0.39,366,0.681,0.8156,0.7503,0.7052
GDSC2->CTRP,GDSC2,CTRP,PEVONEDISTAT,0.639,361,0.8448,0.7787,0.7689,0.7698
GDSC2->CTRP,GDSC2,CTRP,PICTILISIB,0.459,379,0.6188,0.6123,0.5684,0.5375
GDSC2->CTRP,GDSC2,CTRP,PLX 4720,0.37,364,0.6314,0.6096,0.5208,0.5342
GDSC2->CTRP,GDSC2,CTRP,RAPAMYCIN,0.317,373,0.6567,0.6559,0.5705,0.6013
GDSC2->CTRP,GDSC2,CTRP,REBEMADLIN,0.503,364,0.8731,0.8717,0.8713,0.8091
GDSC2->CTRP,GDSC2,CTRP,RUXOLITINIB,0.234,380,0.5463,0.6829,0.4795,0.6437
GDSC2->CTRP,GDSC2,CTRP,SEPANTRONIUM BROMIDE,0.662,339,0.849,0.7592,0.8498,0.7794
GDSC2->CTRP,GDSC2,CTRP,TENIPOSIDE,0.652,197,0.8108,0.7966,0.8046,0.7772
GDSC2->CTRP,GDSC2,CTRP,TOPOTECAN,0.617,378,0.8554,0.8852,0.8317,0.8196
GDSC2->CTRP,GDSC2,CTRP,TRAMETINIB,0.754,186,0.8722,0.8393,0.8825,0.8785
GDSC2->CTRP,GDSC2,CTRP,VENETOCLAX,0.203,220,0.706,0.679,0.6534,0.579
GDSC2->CTRP,GDSC2,CTRP,VINCRISTINE,0.653,393,0.8926,0.8814,0.8798,0.8563
GDSC2->CTRP,GDSC2,CTRP,VORINOSTAT,0.628,366,0.8968,0.8495,0.8936,0.8313
GDSC2->CTRP,GDSC2,CTRP,YK 4-279,0.577,374,0.8008,0.8214,0.8438,0.8175
PRISM->CTRP,PRISM,CTRP,ABIRATERONE,0.056,95,0.5,0.5796,0.5318,0.5996
PRISM->CTRP,PRISM,CTRP,ABT-737,0.233,359,0.6575,0.6052,0.6425,0.4641
PRISM->CTRP,PRISM,CTRP,AFATINIB,0.439,354,0.81,0.785,0.7331,0.7448
PRISM->CTRP,PRISM,CTRP,ALISERTIB,0.343,385,0.7511,0.6703,0.6684,0.7124
PRISM->CTRP,PRISM,CTRP,ALPELISIB,0.32,240,0.6064,0.6161,0.5492,0.5941
PRISM->CTRP,PRISM,CTRP,ALVOCIDIB,0.146,172,0.7473,0.7175,0.7038,0.702
PRISM->CTRP,PRISM,CTRP,AM-580,0.048,400,0.5491,0.4602,0.575,0.4929
PRISM->CTRP,PRISM,CTRP,AT13387,0.21,172,0.6734,0.7635,0.6471,0.6632
PRISM->CTRP,PRISM,CTRP,AT7867,0.149,409,0.6143,0.6403,0.5361,0.4726
PRISM->CTRP,PRISM,CTRP,AZACITIDINE,0.056,322,0.6455,0.5646,0.6285,0.4801
PRISM->CTRP,PRISM,CTRP,AZD1480,0.05,199,0.6479,0.6689,0.653,0.611
PRISM->CTRP,PRISM,CTRP,AZD7762,0.384,412,0.6159,0.5785,0.6483,0.4504
PRISM->CTRP,PRISM,CTRP,BARASERTIB,0.291,331,0.8076,0.7198,0.7236,0.6847
PRISM->CTRP,PRISM,CTRP,BELINOSTAT,0.289,167,0.6154,0.7535,0.6614,0.6269
PRISM->CTRP,PRISM,CTRP,BENDAMUSTINE,0.019,347,0.5945,0.7088,0.5874,0.5539
PRISM->CTRP,PRISM,CTRP,BEXAROTENE,0.079,381,0.7311,0.6751,0.5477,0.6461
PRISM->CTRP,PRISM,CTRP,BI-2536,0.461,398,0.7484,0.8096,0.7229,0.8243
PRISM->CTRP,PRISM,CTRP,BIBR-1532,0.019,394,0.6188,0.4137,0.6252,0.4532
PRISM->CTRP,PRISM,CTRP,BIRINAPANT,0.252,383,0.7447,0.5805,0.7116,0.6169
PRISM->CTRP,PRISM,CTRP,BIX-01294,0.052,387,0.7077,0.4835,0.6693,0.5138
PRISM->CTRP,PRISM,CTRP,BMS-345541,-0.043,398,0.5193,0.525,0.5792,0.5803
PRISM->CTRP,PRISM,CTRP,BMS-754807,0.341,325,0.7094,0.6536,0.5712,0.55
PRISM->CTRP,PRISM,CTRP,BORTEZOMIB,0.203,333,0.6635,0.2997,0.6189,0.4168
PRISM->CTRP,PRISM,CTRP,CABOZANTINIB,0.22,379,0.5844,0.5436,0.6657,0.4786
PRISM->CTRP,PRISM,CTRP,CANERTINIB,0.341,313,0.7712,0.75,0.7447,0.7003
PRISM->CTRP,PRISM,CTRP,CARBOPLATIN,-0.037,410,0.5232,0.4902,0.5679,0.5112
PRISM->CTRP,PRISM,CTRP,CD-437,0.254,397,0.6034,0.6704,0.5046,0.6184
PRISM->CTRP,PRISM,CTRP,CHLORAMBUCIL,0.116,391,0.5414,0.7163,0.5846,0.6913
PRISM->CTRP,PRISM,CTRP,CICLOPIROX,0.214,399,0.5664,0.8057,0.5529,0.4772
PRISM->CTRP,PRISM,CTRP,CIMETIDINE,-0.057,117,0.5582,0.4833,0.5628,0.478
PRISM->CTRP,PRISM,CTRP,CLOFARABINE,0.437,415,0.6896,0.7807,0.5412,0.7496
PRISM->CTRP,PRISM,CTRP,CRIZOTINIB,0.116,336,0.6227,0.5377,0.5593,0.5043
PRISM->CTRP,PRISM,CTRP,CURCUMIN,0.191,398,0.7004,0.7259,0.6862,0.5919
PRISM->CTRP,PRISM,CTRP,CYCLOPHOSPHAMIDE,0.054,228,0.5256,0.5045,0.4366,0.4737
PRISM->CTRP,PRISM,CTRP,DABRAFENIB,0.358,163,0.6299,0.6933,0.6055,0.6017
PRISM->CTRP,PRISM,CTRP,DACARBAZINE,0.052,351,0.648,0.3552,0.5531,0.4576
PRISM->CTRP,PRISM,CTRP,DASATINIB,0.495,320,0.7824,0.77,0.7076,0.7366
PRISM->CTRP,PRISM,CTRP,DECITABINE,0.194,344,0.7237,0.7154,0.6733,0.5756
PRISM->CTRP,PRISM,CTRP,DINACICLIB,0.342,175,0.7185,0.8386,0.566,0.613
PRISM->CTRP,PRISM,CTRP,DOCETAXEL,0.241,175,0.714,0.5836,0.6965,0.5945
PRISM->CTRP,PRISM,CTRP,DOXORUBICIN,0.384,398,0.7012,0.7562,0.6443,0.6643
PRISM->CTRP,PRISM,CTRP,ENTINOSTAT,0.392,381,0.7185,0.7476,0.6804,0.7415
PRISM->CTRP,PRISM,CTRP,ERASTIN,0.354,404,0.597,0.7043,0.6903,0.7119
PRISM->CTRP,PRISM,CTRP,ERLOTINIB,0.391,329,0.6983,0.7093,0.5984,0.6319
PRISM->CTRP,PRISM,CTRP,ETOMOXIR,-0.049,400,0.5496,0.4361,0.5429,0.4609
PRISM->CTRP,PRISM,CTRP,ETOPOSIDE,0.433,394,0.7058,0.7647,0.6943,0.7322
PRISM->CTRP,PRISM,CTRP,ETP-46464,0.147,280,0.5872,0.5158,0.5925,0.6192
PRISM->CTRP,PRISM,CTRP,FLUVASTATIN,0.356,375,0.7519,0.6526,0.699,0.5643
PRISM->CTRP,PRISM,CTRP,FULVESTRANT,0.078,108,0.5202,0.5799,0.5182,0.5473
PRISM->CTRP,PRISM,CTRP,GDC-0879,0.301,404,0.7082,0.7251,0.6762,0.6953
PRISM->CTRP,PRISM,CTRP,GEFITINIB,0.337,327,0.7117,0.6718,0.6853,0.67
PRISM->CTRP,PRISM,CTRP,GEMCITABINE,0.357,392,0.6053,0.7077,0.5884,0.5396
PRISM->CTRP,PRISM,CTRP,GOSSYPOL,0.181,378,0.6767,0.736,0.6443,0.5608
PRISM->CTRP,PRISM,CTRP,GSK-J4,0.106,49,0.4891,0.716,0.5486,0.602
PRISM->CTRP,PRISM,CTRP,GSK461364,0.41,389,0.592,0.8443,0.5592,0.7984
PRISM->CTRP,PRISM,CTRP,GW-405833,0.033,404,0.5649,0.4526,0.504,0.467
PRISM->CTRP,PRISM,CTRP,GW-843682X,0.313,366,0.6781,0.797,0.6623,0.69
PRISM->CTRP,PRISM,CTRP,I-BET151,0.103,422,0.5749,0.777,0.4483,0.5486
PRISM->CTRP,PRISM,CTRP,IFOSFAMIDE,0.038,208,0.474,0.5411,0.5077,0.5291
PRISM->CTRP,PRISM,CTRP,IMATINIB,0.057,401,0.6531,0.5084,0.638,0.5767
PRISM->CTRP,PRISM,CTRP,INDISULAM,0.459,318,0.7348,0.8021,0.6649,0.6842
PRISM->CTRP,PRISM,CTRP,ISTRADEFYLLINE,0.151,213,0.6327,0.4954,0.5756,0.5619
PRISM->CTRP,PRISM,CTRP,ITRACONAZOLE,-0.007,442,0.5643,0.5191,0.5117,0.5364
PRISM->CTRP,PRISM,CTRP,KU-0063794,0.291,395,0.6458,0.5391,0.5523,0.4257
PRISM->CTRP,PRISM,CTRP,KW-2449,0.203,400,0.6582,0.5493,0.6179,0.767
PRISM->CTRP,PRISM,CTRP,KX2-391,0.437,384,0.6938,0.8353,0.6988,0.8346
PRISM->CTRP,PRISM,CTRP,LAPATINIB,0.301,313,0.8139,0.6675,0.7577,0.5966
PRISM->CTRP,PRISM,CTRP,LE-135,0.059,386,0.4846,0.499,0.4598,0.4913
PRISM->CTRP,PRISM,CTRP,LENVATINIB,0.004,326,0.7294,0.3382,0.6297,0.4115
PRISM->CTRP,PRISM,CTRP,LOMEGUATRIB,0.12,410,0.5302,0.5753,0.4653,0.5544
PRISM->CTRP,PRISM,CTRP,LOVASTATIN,0.223,453,0.6539,0.612,0.6687,0.4943
PRISM->CTRP,PRISM,CTRP,METHOTREXATE,0.243,329,0.6796,0.7178,0.6315,0.676
PRISM->CTRP,PRISM,CTRP,MGCD-265,0.014,405,0.5874,0.6359,0.5662,0.4458
PRISM->CTRP,PRISM,CTRP,NAVITOCLAX,0.296,334,0.5628,0.6968,0.5561,0.574
PRISM->CTRP,PRISM,CTRP,NELARABINE,0.066,377,0.5687,0.5107,0.4908,0.5144
PRISM->CTRP,PRISM,CTRP,NERATINIB,0.279,341,0.8186,0.663,0.694,0.562
PRISM->CTRP,PRISM,CTRP,NICLOSAMIDE,0.163,388,0.5423,0.6608,0.5157,0.5904
PRISM->CTRP,PRISM,CTRP,NILOTINIB,0.156,387,0.5321,0.5382,0.4938,0.5824
PRISM->CTRP,PRISM,CTRP,NINTEDANIB,0.117,364,0.6188,0.5411,0.5377,0.4967
PRISM->CTRP,PRISM,CTRP,OLAPARIB,0.33,347,0.7229,0.76,0.7219,0.6941
PRISM->CTRP,PRISM,CTRP,OUABAIN,0.151,427,0.7384,0.4954,0.6549,0.5322
PRISM->CTRP,PRISM,CTRP,PACLITAXEL,0.153,334,0.8428,0.2648,0.8097,0.3928
PRISM->CTRP,PRISM,CTRP,PARBENDAZOLE,0.429,405,0.6395,0.8082,0.6559,0.7641
PRISM->CTRP,PRISM,CTRP,PARTHENOLIDE,0.052,390,0.5686,0.457,0.5455,0.4735
PRISM->CTRP,PRISM,CTRP,PAZOPANIB,0.217,338,0.6468,0.7797,0.5661,0.7498
PRISM->CTRP,PRISM,CTRP,PEVONEDISTAT,0.334,324,0.6805,0.7348,0.6072,0.5883
PRISM->CTRP,PRISM,CTRP,PF-573228,0.137,391,0.6913,0.6128,0.6232,0.6076
PRISM->CTRP,PRISM,CTRP,RAF265,0.274,309,0.7387,0.5833,0.6257,0.4313
PRISM->CTRP,PRISM,CTRP,REGORAFENIB,0.126,374,0.5981,0.6102,0.5797,0.5718
PRISM->CTRP,PRISM,CTRP,RIGOSERTIB,0.315,321,0.6727,0.7152,0.5753,0.6792
PRISM->CTRP,PRISM,CTRP,RITA,0.494,367,0.9198,0.7253,0.9024,0.6919
PRISM->CTRP,PRISM,CTRP,RUXOLITINIB,0.258,344,0.7357,0.6822,0.6282,0.6811
PRISM->CTRP,PRISM,CTRP,SB-225002,0.348,427,0.6653,0.7919,0.6694,0.6547
PRISM->CTRP,PRISM,CTRP,SB-431542,-0.056,390,0.3648,0.5619,0.3819,0.5379
PRISM->CTRP,PRISM,CTRP,SB-525334,0.182,412,0.6128,0.5599,0.5558,0.5161
PRISM->CTRP,PRISM,CTRP,SB-743921,0.449,471,0.6868,0.8014,0.6316,0.8239
PRISM->CTRP,PRISM,CTRP,SIMVASTATIN,0.229,344,0.5168,0.5167,0.4783,0.477
PRISM->CTRP,PRISM,CTRP,SKEPINONE-L,0.073,196,0.5116,0.6141,0.6131,0.4293
PRISM->CTRP,PRISM,CTRP,SKI-II,0.006,375,0.5638,0.526,0.5806,0.5705
PRISM->CTRP,PRISM,CTRP,TACEDINALINE,0.146,246,0.5948,0.7799,0.4825,0.56
PRISM->CTRP,PRISM,CTRP,TACROLIMUS,0.112,382,0.6835,0.6404,0.6311,0.5945
PRISM->CTRP,PRISM,CTRP,TANDUTINIB,0.049,390,0.5198,0.3747,0.4552,0.4394
PRISM->CTRP,PRISM,CTRP,TEMSIROLIMUS,0.173,179,0.7359,0.4389,0.6706,0.503
PRISM->CTRP,PRISM,CTRP,TENIPOSIDE,0.338,170,0.7733,0.6791,0.7254,0.5883
PRISM->CTRP,PRISM,CTRP,TIVANTINIB,0.357,187,0.6945,0.8147,0.6679,0.723
PRISM->CTRP,PRISM,CTRP,TOPOTECAN,0.517,403,0.7929,0.7995,0.7551,0.8238
PRISM->CTRP,PRISM,CTRP,TOSEDOSTAT,0.209,367,0.7463,0.4232,0.5365,0.423
PRISM->CTRP,PRISM,CTRP,TPCA-1,0.247,399,0.5585,0.6824,0.5287,0.7288
PRISM->CTRP,PRISM,CTRP,TRAMETINIB,0.589,178,0.8394,0.8217,0.787,0.8399
PRISM->CTRP,PRISM,CTRP,TRIPTOLIDE,0.239,410,0.6564,0.5604,0.6777,0.6282
PRISM->CTRP,PRISM,CTRP,VANDETANIB,0.278,299,0.691,0.5136,0.7112,0.5663
PRISM->CTRP,PRISM,CTRP,VENETOCLAX,0.225,211,0.7658,0.6639,0.6608,0.6437
PRISM->CTRP,PRISM,CTRP,VINCRISTINE,0.47,410,0.7764,0.805,0.7433,0.6913
PRISM->CTRP,PRISM,CTRP,VORINOSTAT,0.245,328,0.6281,0.7809,0.6509,0.6502
PRISM->CTRP,PRISM,CTRP,WP1130,0.076,376,0.6799,0.6576,0.6003,0.6868
PRISM->CTRP,PRISM,CTRP,WZ8040,0.272,342,0.7444,0.6515,0.6304,0.6538
PRISM->GDSC2,PRISM,GDSC2,AFATINIB,0.385,326,0.81,0.7333,0.7331,0.6878
PRISM->GDSC2,PRISM,GDSC2,ALISERTIB,0.312,292,0.7511,0.6108,0.6684,0.6768
PRISM->GDSC2,PRISM,GDSC2,ALPELISIB,0.251,283,0.6064,0.6566,0.5492,0.6254
PRISM->GDSC2,PRISM,GDSC2,AZD7762,0.405,305,0.6159,0.6635,0.6483,0.5113
PRISM->GDSC2,PRISM,GDSC2,AZD8931,0.467,282,0.8093,0.8164,0.7256,0.7723
PRISM->GDSC2,PRISM,GDSC2,BIBR-1532,-0.011,303,0.6188,0.4834,0.6252,0.5243
PRISM->GDSC2,PRISM,GDSC2,BMS-345541,-0.062,288,0.5193,0.5724,0.5792,0.6129
PRISM->GDSC2,PRISM,GDSC2,BORTEZOMIB,0.248,253,0.6635,0.3928,0.6189,0.4249
PRISM->GDSC2,PRISM,GDSC2,BVD-523,0.307,308,0.7155,0.6597,0.7449,0.643
PRISM->GDSC2,PRISM,GDSC2,CARMUSTINE,0.044,280,0.6032,0.5375,0.5047,0.5506
PRISM->GDSC2,PRISM,GDSC2,CRIZOTINIB,0.039,255,0.6227,0.4833,0.5593,0.505
PRISM->GDSC2,PRISM,GDSC2,CYCLOPHOSPHAMIDE,0.013,322,0.5256,0.4444,0.4366,0.4475
PRISM->GDSC2,PRISM,GDSC2,CYTARABINE,0.16,301,0.4981,0.5958,0.4825,0.5573
PRISM->GDSC2,PRISM,GDSC2,DABRAFENIB,0.353,272,0.6299,0.7184,0.6055,0.6661
PRISM->GDSC2,PRISM,GDSC2,DASATINIB,0.55,242,0.7824,0.8161,0.7076,0.7244
PRISM->GDSC2,PRISM,GDSC2,DINACICLIB,0.352,250,0.7185,0.8067,0.566,0.6281
PRISM->GDSC2,PRISM,GDSC2,DOCETAXEL,0.31,267,0.714,0.5897,0.6965,0.5799
PRISM->GDSC2,PRISM,GDSC2,ENTINOSTAT,0.321,297,0.7185,0.7279,0.6804,0.7684
PRISM->GDSC2,PRISM,GDSC2,EPIRUBICIN,0.352,327,0.7445,0.7707,0.7284,0.7676
PRISM->GDSC2,PRISM,GDSC2,ERLOTINIB,0.282,252,0.6983,0.6846,0.5984,0.6466
PRISM->GDSC2,PRISM,GDSC2,FULVESTRANT,0.083,326,0.5202,0.6017,0.5182,0.5761
PRISM->GDSC2,PRISM,GDSC2,GEFITINIB,0.239,277,0.7117,0.6929,0.6853,0.628
PRISM->GDSC2,PRISM,GDSC2,GEMCITABINE,0.297,313,0.6053,0.6911,0.5884,0.5254
PRISM->GDSC2,PRISM,GDSC2,IRINOTECAN,0.434,263,0.7048,0.8357,0.6916,0.7692
PRISM->GDSC2,PRISM,GDSC2,LAPATINIB,0.269,270,0.8139,0.6827,0.7577,0.6465
PRISM->GDSC2,PRISM,GDSC2,MITOXANTRONE,0.355,274,0.6709,0.6643,0.6525,0.4781
PRISM->GDSC2,PRISM,GDSC2,NAVITOCLAX,0.408,250,0.5628,0.7204,0.5561,0.551
PRISM->GDSC2,PRISM,GDSC2,NELARABINE,-0.003,301,0.5687,0.4544,0.4908,0.4713
PRISM->GDSC2,PRISM,GDSC2,NILOTINIB,0.042,294,0.5321,0.6393,0.4938,0.5582
PRISM->GDSC2,PRISM,GDSC2,NIRAPARIB,0.276,262,0.7314,0.723,0.5867,0.6349
PRISM->GDSC2,PRISM,GDSC2,OLAPARIB,0.196,259,0.7229,0.5724,0.7219,0.5309
PRISM->GDSC2,PRISM,GDSC2,OSIMERTINIB,0.302,266,0.8151,0.6994,0.7016,0.6728
PRISM->GDSC2,PRISM,GDSC2,PACLITAXEL,0.259,271,0.8428,0.4031,0.8097,0.4533
PRISM->GDSC2,PRISM,GDSC2,PALBOCICLIB,0.365,273,0.7649,0.6816,0.6879,0.6053
PRISM->GDSC2,PRISM,GDSC2,PEVONEDISTAT,0.378,257,0.6805,0.7877,0.6072,0.6703
PRISM->GDSC2,PRISM,GDSC2,RUXOLITINIB,0.054,259,0.7357,0.6286,0.6282,0.6185
PRISM->GDSC2,PRISM,GDSC2,SAVOLITINIB,0.063,277,0.4468,0.5086,0.3971,0.4956
PRISM->GDSC2,PRISM,GDSC2,TALAZOPARIB,0.348,255,0.613,0.674,0.6173,0.6132
PRISM->GDSC2,PRISM,GDSC2,TASELISIB,0.482,319,0.6354,0.6606,0.5912,0.6283
PRISM->GDSC2,PRISM,GDSC2,TENIPOSIDE,0.39,237,0.7733,0.7756,0.7254,0.7148
PRISM->GDSC2,PRISM,GDSC2,TOPOTECAN,0.568,292,0.7929,0.7207,0.7551,0.7446
PRISM->GDSC2,PRISM,GDSC2,TRAMETINIB,0.591,255,0.8394,0.7983,0.787,0.7348
PRISM->GDSC2,PRISM,GDSC2,VENETOCLAX,0.14,275,0.7658,0.672,0.6608,0.6343
PRISM->GDSC2,PRISM,GDSC2,VINCRISTINE,0.53,282,0.7764,0.7663,0.7433,0.6864
PRISM->GDSC2,PRISM,GDSC2,VORINOSTAT,0.214,250,0.6281,0.7966,0.6509,0.6393
