drug,held_out,reprod_score,transfer_into
AFATINIB,CTRP,0.385,0.7838
AFATINIB,GDSC2,0.439,0.7435
AFATINIB,PRISM,0.488,0.86575
ALISERTIB,CTRP,0.312,0.72255
ALISERTIB,GDSC2,0.343,0.7112
ALISERTIB,PRISM,0.493,0.58955
ALPELISIB,CTRP,0.251,0.66765
ALPELISIB,GDSC2,0.32,0.67275
ALPELISIB,PRISM,0.468,0.64115
AZD7762,CTRP,0.405,0.6701
AZD7762,GDSC2,0.384,0.70175
AZD7762,PRISM,0.593,0.5007999999999999
BIBR-1532,CTRP,-0.011,0.46240000000000003
BIBR-1532,GDSC2,0.019,0.4992
BIBR-1532,PRISM,0.067,0.45455
BMS-345541,CTRP,-0.062,0.64655
BMS-345541,GDSC2,-0.043,0.6107
BMS-345541,PRISM,0.328,0.5347999999999999
BORTEZOMIB,CTRP,0.248,0.512
BORTEZOMIB,GDSC2,0.203,0.5058
BORTEZOMIB,PRISM,0.437,0.4095
CRIZOTINIB,CTRP,0.039,0.6067
CRIZOTINIB,GDSC2,0.116,0.5159
CRIZOTINIB,PRISM,0.172,0.5047999999999999
CYCLOPHOSPHAMIDE,CTRP,0.013,0.5216
CYCLOPHOSPHAMIDE,GDSC2,0.054,0.47675
CYCLOPHOSPHAMIDE,PRISM,-0.042,0.48685
DABRAFENIB,CTRP,0.353,0.71235
DABRAFENIB,GDSC2,0.358,0.7313000000000001
DABRAFENIB,PRISM,0.516,0.68305
DASATINIB,CTRP,0.55,0.7895000000000001
DASATINIB,GDSC2,0.495,0.83345
DASATINIB,PRISM,0.696,0.7924
DINACICLIB,CTRP,0.352,0.8756999999999999
DINACICLIB,GDSC2,0.342,0.8158
DINACICLIB,PRISM,0.59,0.68465
DOCETAXEL,CTRP,0.31,0.74285
DOCETAXEL,GDSC2,0.241,0.6667000000000001
DOCETAXEL,PRISM,0.591,0.5302
ENTINOSTAT,CTRP,0.321,0.7993
ENTINOSTAT,GDSC2,0.392,0.7815
ENTINOSTAT,PRISM,0.599,0.6416999999999999
ERLOTINIB,CTRP,0.282,0.72045
ERLOTINIB,GDSC2,0.391,0.67625
ERLOTINIB,PRISM,0.422,0.68425
FULVESTRANT,CTRP,0.083,0.60795
FULVESTRANT,GDSC2,0.078,0.59555
FULVESTRANT,PRISM,0.162,0.4979
GEFITINIB,CTRP,0.239,0.63625
GEFITINIB,GDSC2,0.337,0.6537999999999999
GEFITINIB,PRISM,0.254,0.7323500000000001
GEMCITABINE,CTRP,0.297,0.79845
GEMCITABINE,GDSC2,0.357,0.7168000000000001
GEMCITABINE,PRISM,0.687,0.5712999999999999
LAPATINIB,CTRP,0.269,0.7288
LAPATINIB,GDSC2,0.301,0.69865
LAPATINIB,PRISM,0.422,0.73695
NAVITOCLAX,CTRP,0.408,0.7081999999999999
NAVITOCLAX,GDSC2,0.296,0.7286
NAVITOCLAX,PRISM,0.512,0.57335
NELARABINE,CTRP,-0.003,0.519
NELARABINE,GDSC2,0.066,0.5103500000000001
NELARABINE,PRISM,0.099,0.5112
NILOTINIB,CTRP,0.042,0.5605
NILOTINIB,GDSC2,0.156,0.6361
NILOTINIB,PRISM,0.093,0.5484
OLAPARIB,CTRP,0.196,0.7271000000000001
OLAPARIB,GDSC2,0.33,0.5716
OLAPARIB,PRISM,0.247,0.69265
PACLITAXEL,CTRP,0.259,0.5402
PACLITAXEL,GDSC2,0.153,0.5496000000000001
PACLITAXEL,PRISM,0.39,0.4259
PEVONEDISTAT,CTRP,0.378,0.75675
PEVONEDISTAT,GDSC2,0.334,0.79155
PEVONEDISTAT,PRISM,0.639,0.6875
RUXOLITINIB,CTRP,0.054,0.68255
RUXOLITINIB,GDSC2,0.258,0.59335
RUXOLITINIB,PRISM,0.234,0.65785
TENIPOSIDE,CTRP,0.39,0.73785
TENIPOSIDE,GDSC2,0.338,0.7674
TENIPOSIDE,PRISM,0.652,0.5425500000000001
TOPOTECAN,CTRP,0.568,0.8423499999999999
TOPOTECAN,GDSC2,0.517,0.7403500000000001
TOPOTECAN,PRISM,0.617,0.74155
TRAMETINIB,CTRP,0.591,0.8305
TRAMETINIB,GDSC2,0.589,0.84055
TRAMETINIB,PRISM,0.754,0.8138000000000001
VENETOCLAX,CTRP,0.14,0.6714500000000001
VENETOCLAX,GDSC2,0.225,0.6589
VENETOCLAX,PRISM,0.203,0.6907
VINCRISTINE,CTRP,0.53,0.8432
VINCRISTINE,GDSC2,0.47,0.7939
VINCRISTINE,PRISM,0.653,0.67885
VORINOSTAT,CTRP,0.214,0.8152
VORINOSTAT,GDSC2,0.245,0.8082499999999999
VORINOSTAT,PRISM,0.628,0.5943499999999999
