drug,held_out,score,transfer
AFATINIB,CTRP,0.37292327519141255,0.7151843255250601
AFATINIB,GDSC2,0.4388170888238673,0.6548468060739149
AFATINIB,PRISM,0.4973677206643735,0.6966757407431055
ALISERTIB,CTRP,0.30488091948688756,0.6909037275106612
ALISERTIB,GDSC2,0.342716988196209,0.6807325624446268
ALISERTIB,PRISM,0.5358716098209969,0.6318851685873195
ALPELISIB,CTRP,0.2648654901597536,0.6135930794871745
ALPELISIB,GDSC2,0.3204526108466589,0.5977598320662647
ALPELISIB,PRISM,0.41425353071578097,0.5925896320592501
AZD7762,CTRP,0.3931390103319773,0.5573212683590363
AZD7762,GDSC2,0.38378314960129156,0.5517488045977922
AZD7762,PRISM,0.5670027988313942,0.5552576062747732
BI-2536,CTRP,0.4008162480555119,0.8052435087622997
BI-2536,GDSC2,0.46148631662602424,0.7641687119673404
BI-2536,PRISM,0.6776776236162916,0.6460204873322505
BIBR-1532,CTRP,-0.016090000246761594,0.44395077636359676
BIBR-1532,GDSC2,0.01859769393537576,0.4721198623726919
BIBR-1532,PRISM,-0.07123716182956426,0.48110899455451783
BMS-345541,CTRP,-0.07358063154192682,0.5997646330034809
BMS-345541,GDSC2,-0.04346026426083149,0.5756884597435099
BMS-345541,PRISM,0.2991130481737351,0.494844717236455
BMS-754807,CTRP,0.37790737615998915,0.6126255500028863
BMS-754807,GDSC2,0.34053602962475193,0.631184074840639
BMS-754807,PRISM,0.5439593560705145,0.5934408041156147
BORTEZOMIB,CTRP,0.28799090609249245,0.5397512910876059
BORTEZOMIB,GDSC2,0.20288130564476586,0.5323209183731998
BORTEZOMIB,PRISM,0.4589097592550305,0.48154847584404153
CRIZOTINIB,CTRP,0.19142258427773975,0.6266259494807203
CRIZOTINIB,GDSC2,0.11638613262730235,0.6185616280910624
CRIZOTINIB,PRISM,0.5392679870668746,0.5560015975728183
CYCLOPHOSPHAMIDE,CTRP,0.014378766292988378,0.4832205635487635
CYCLOPHOSPHAMIDE,GDSC2,0.054399548790646415,0.4706756947048587
CYCLOPHOSPHAMIDE,PRISM,0.07122076548536568,0.5110403825207439
DABRAFENIB,CTRP,0.30334043291843205,0.6679665064655314
DABRAFENIB,GDSC2,0.3579467325293618,0.612767936819892
DABRAFENIB,PRISM,0.5062869915818984,0.5789496328027529
DASATINIB,CTRP,0.565431046505684,0.7419561762157953
DASATINIB,GDSC2,0.4950103014287827,0.7898845851237386
DASATINIB,PRISM,0.7251555670325401,0.7125531876075502
DINACICLIB,CTRP,0.3725387856530063,0.7812803055474293
DINACICLIB,GDSC2,0.34225161509618574,0.7571469280564986
DINACICLIB,PRISM,0.6225120009133887,0.6672967904815172
DOCETAXEL,CTRP,0.3111199274377152,0.6462491748175452
DOCETAXEL,GDSC2,0.2414797436484321,0.6855709539906322
DOCETAXEL,PRISM,0.4814762609258959,0.5899865850475969
ENTINOSTAT,CTRP,0.309854679338604,0.7411427322922928
ENTINOSTAT,GDSC2,0.3919480267785787,0.7236415210625733
ENTINOSTAT,PRISM,0.6101423212551538,0.6077703337695132
ERLOTINIB,CTRP,0.3323920389282104,0.6463292515593848
ERLOTINIB,GDSC2,0.39067871392630726,0.6266795948729831
ERLOTINIB,PRISM,0.4598645532531882,0.602199374675128
FULVESTRANT,CTRP,0.014542602780012247,0.5020013411283765
FULVESTRANT,GDSC2,0.07782729335434517,0.505051088859197
FULVESTRANT,PRISM,0.06315435209318515,0.5029387008696964
GEFITINIB,CTRP,0.25391654218700194,0.600756314378245
GEFITINIB,GDSC2,0.3367781472599926,0.5870090352006189
GEFITINIB,PRISM,0.24547731113368237,0.6277277758197342
GEMCITABINE,CTRP,0.26463042405504256,0.6818259841148864
GEMCITABINE,GDSC2,0.3573567984260947,0.6744789882627438
GEMCITABINE,PRISM,0.659613758122666,0.5939524126855842
LAPATINIB,CTRP,0.3104367547708816,0.5976629172782293
LAPATINIB,GDSC2,0.3011169631434467,0.6111597891240523
LAPATINIB,PRISM,0.4194270475894736,0.6597344164647858
NAVITOCLAX,CTRP,0.4078541613990435,0.6234228175788314
NAVITOCLAX,GDSC2,0.2963674105287757,0.6200115147860125
NAVITOCLAX,PRISM,0.49030969722092793,0.5566446486880172
NELARABINE,CTRP,0.14824907187207922,0.5173589282722857
NELARABINE,GDSC2,0.06559973378646647,0.5747664446600977
NELARABINE,PRISM,0.17600167973416386,0.5264300732802392
NILOTINIB,CTRP,0.049588562533743455,0.5340062265804014
NILOTINIB,GDSC2,0.15563421275383255,0.5210823036703447
NILOTINIB,PRISM,0.10751825335022556,0.5255649254894769
OLAPARIB,CTRP,0.3194693526372597,0.6703493696736602
OLAPARIB,GDSC2,0.3299315023288066,0.6165720695139665
OLAPARIB,PRISM,0.44187088205463676,0.6344415205811664
PACLITAXEL,CTRP,0.21923222964067415,0.5356274255762985
PACLITAXEL,GDSC2,0.153069535771278,0.5568741513786851
PACLITAXEL,PRISM,0.29107022544373984,0.541504264549382
PEVONEDISTAT,CTRP,0.38271228598805107,0.6693182346362511
PEVONEDISTAT,GDSC2,0.33391492395942945,0.7002041356429349
PEVONEDISTAT,PRISM,0.6379886372226005,0.6408978157621663
RUXOLITINIB,CTRP,0.00854178703005675,0.6164121050682427
RUXOLITINIB,GDSC2,0.25791017026227064,0.4976570442701306
RUXOLITINIB,PRISM,0.17529157033617682,0.5564967139639165
TENIPOSIDE,CTRP,0.38310607473466485,0.7149173784115187
TENIPOSIDE,GDSC2,0.3375386952528933,0.7042506234834756
TENIPOSIDE,PRISM,0.6387576232435772,0.5791589839345062
TOPOTECAN,CTRP,0.5583932853717026,0.8066950827347195
TOPOTECAN,GDSC2,0.516578047208344,0.75575914896111
TOPOTECAN,PRISM,0.6255561040844476,0.7372690250334726
TRAMETINIB,CTRP,0.5617254574701052,0.7836619955764725
TRAMETINIB,GDSC2,0.5894206725396587,0.7785298662592735
TRAMETINIB,PRISM,0.7550622120046571,0.7646602384075933
VENETOCLAX,CTRP,0.11561457466087474,0.6148589689996327
VENETOCLAX,GDSC2,0.22466556177140054,0.593214962677838
VENETOCLAX,PRISM,0.25635629313590197,0.5787306427321843
VORINOSTAT,CTRP,0.23517029196800743,0.7232925925344529
VORINOSTAT,GDSC2,0.24513841769049238,0.7051194324282276
VORINOSTAT,PRISM,0.6596779667180583,0.5716810970751376
