drug,src,dst,split,n_ext,rho,ext_Random Forest,ext_Logistic Regression
AFATINIB,CTRP,GDSC2,0,328,0.49736772066437346,0.7213526174895893,0.631134741225461
AFATINIB,CTRP,PRISM,0,150,0.4388170888238673,0.8546666666666668,0.7203555555555556
AFATINIB,GDSC2,CTRP,0,318,0.49736772066437357,0.740180372611843,0.6878683596376726
AFATINIB,GDSC2,PRISM,0,176,0.37292327519141255,0.8190211776859505,0.6767820247933883
AFATINIB,PRISM,CTRP,0,360,0.4388170888238673,0.7703858024691357,0.7677469135802469
AFATINIB,PRISM,GDSC2,0,392,0.37292327519141255,0.6768403790087464,0.6834131611828403
ALISERTIB,CTRP,GDSC2,0,299,0.5358716098209969,0.7128859060402685,0.6631767337807606
ALISERTIB,CTRP,PRISM,0,196,0.342716988196209,0.6433256976259892,0.6602457309454394
ALISERTIB,GDSC2,CTRP,0,352,0.5358716098209969,0.7756004648760331,0.7217846074380165
ALISERTIB,GDSC2,PRISM,0,220,0.30488091948688756,0.6396694214876034,0.6336363636363636
ALISERTIB,PRISM,CTRP,0,386,0.342716988196209,0.647265698408011,0.7020859620392494
ALISERTIB,PRISM,GDSC2,0,366,0.30488091948688756,0.6755352503807219,0.6839708561020036
ALPELISIB,CTRP,GDSC2,0,344,0.41425353071578097,0.6597316116819902,0.5939021092482423
ALPELISIB,CTRP,PRISM,0,336,0.3204526108466589,0.6192602040816326,0.6136975623582767
ALPELISIB,GDSC2,CTRP,0,232,0.414253530715781,0.6553582045184305,0.5373067776456599
ALPELISIB,GDSC2,PRISM,0,312,0.2648654901597536,0.6460593359631821,0.5692389875082182
ALPELISIB,PRISM,CTRP,0,242,0.32045261084665894,0.5898504200532751,0.6080868793115225
ALPELISIB,PRISM,GDSC2,0,326,0.2648654901597536,0.6637246414994918,0.6309232564266627
AZD7762,CTRP,GDSC2,0,312,0.5670027988313942,0.6474153517422748,0.6180144641683104
AZD7762,CTRP,PRISM,0,198,0.38378314960129156,0.483011937557392,0.5784103662891541
AZD7762,GDSC2,CTRP,0,354,0.5670027988313942,0.7624884292508538,0.7166842222860609
AZD7762,GDSC2,PRISM,0,210,0.3931390103319773,0.4876643990929705,0.5821315192743765
AZD7762,PRISM,CTRP,0,396,0.38378314960129156,0.6108305274971941,0.5629400061218244
AZD7762,PRISM,GDSC2,0,368,0.3931390103319773,0.6248818525519848,0.6066428402646503
BI-2536,CTRP,GDSC2,0,294,0.6776776236162916,0.7905039566847147,0.7444120505344994
BI-2536,CTRP,PRISM,0,190,0.46148631662602424,0.6213296398891966,0.6633795013850415
BI-2536,GDSC2,CTRP,0,362,0.6776776236162916,0.8598943866182351,0.832209029028418
BI-2536,GDSC2,PRISM,0,209,0.4008162480555119,0.6975274725274726,0.6375457875457875
BI-2536,PRISM,CTRP,0,395,0.4614863166260243,0.841473106701533,0.7603958365379686
BI-2536,PRISM,GDSC2,0,354,0.4008162480555119,0.8304765552682818,0.7418366369817103
BIBR-1532,CTRP,GDSC2,0,316,-0.07123716182956426,0.31357154302195156,0.4095096939593014
BIBR-1532,CTRP,PRISM,0,192,0.018597693935375765,0.4571397569444444,0.4978298611111111
BIBR-1532,GDSC2,CTRP,0,345,-0.07123716182956426,0.3708327732222072,0.4335596182282565
BIBR-1532,GDSC2,PRISM,0,218,-0.016090000246761594,0.5311000757511993,0.49507617203939064
BIBR-1532,PRISM,CTRP,0,386,0.01859769393537576,0.4215817874305351,0.45648205320948215
BIBR-1532,PRISM,GDSC2,0,364,-0.016090000246761594,0.5151400797005192,0.534385943726603
BMS-345541,CTRP,GDSC2,0,294,0.2991130481737351,0.6863343977046601,0.6416308019806563
BMS-345541,CTRP,PRISM,0,186,-0.04346026426083149,0.48976760319112034,0.5280957336108221
BMS-345541,GDSC2,CTRP,0,346,0.2991130481737351,0.7773564101707373,0.6886965819105215
BMS-345541,GDSC2,PRISM,0,208,-0.07358063154192682,0.5124352810650887,0.5062869822485206
BMS-345541,PRISM,CTRP,0,386,-0.04346026426083149,0.4761738570162957,0.43172971086472123
BMS-345541,PRISM,GDSC2,0,346,-0.07358063154192682,0.4369674897256841,0.43192221591098934
BMS-754807,CTRP,GDSC2,0,296,0.5439593560705145,0.720872899926954,0.704346238130022
BMS-754807,CTRP,PRISM,0,294,0.34053602962475193,0.6140728400203619,0.6081725207089639
BMS-754807,GDSC2,CTRP,0,356,0.5439593560705145,0.6813060219669234,0.6477086226486555
BMS-754807,GDSC2,PRISM,0,334,0.37790737615998915,0.6133421779196099,0.589157015310696
BMS-754807,PRISM,CTRP,0,334,0.34053602962475193,0.6364516476029976,0.5433145684678546
BMS-754807,PRISM,GDSC2,0,316,0.37790737615998915,0.6711865085723442,0.6019468033968915
BORTEZOMIB,CTRP,GDSC2,0,326,0.4589097592550305,0.6165267793292935,0.6200082803266965
BORTEZOMIB,CTRP,PRISM,0,285,0.20288130564476584,0.37131882202304733,0.4477986801930463
BORTEZOMIB,GDSC2,CTRP,0,353,0.45890975925503047,0.6854134565998973,0.6714817668207499
BORTEZOMIB,GDSC2,PRISM,0,318,0.28799090609249245,0.5063881966694355,0.5435307147660298
BORTEZOMIB,PRISM,CTRP,0,338,0.20288130564476586,0.29009838591085746,0.42377717867021464
BORTEZOMIB,PRISM,GDSC2,0,324,0.28799090609249245,0.47147919524462734,0.47022176497485146
CRIZOTINIB,CTRP,GDSC2,0,310,0.5392679870668746,0.7315712799167534,0.6606035379812696
CRIZOTINIB,CTRP,PRISM,0,278,0.11638613262730235,0.5426737746493453,0.5785932405155012
CRIZOTINIB,GDSC2,CTRP,0,348,0.5392679870668745,0.7854075835645395,0.6597635090500726
CRIZOTINIB,GDSC2,PRISM,0,308,0.19142258427773975,0.5529389441727104,0.5474784955304436
CRIZOTINIB,PRISM,CTRP,0,333,0.11638613262730237,0.5758963999711421,0.5518360868624198
CRIZOTINIB,PRISM,GDSC2,0,340,0.19142258427773975,0.6311764705882352,0.540242214532872
CYCLOPHOSPHAMIDE,CTRP,GDSC2,0,384,0.07122076548536568,0.5790473090277778,0.5431586371527779
CYCLOPHOSPHAMIDE,CTRP,PRISM,0,164,0.054399548790646415,0.46415823914336707,0.4498810232004759
CYCLOPHOSPHAMIDE,GDSC2,CTRP,0,176,0.07122076548536568,0.4908961776859504,0.4502840909090909
CYCLOPHOSPHAMIDE,GDSC2,PRISM,0,142,0.014378766292988378,0.5022812933941678,0.5314421741717913
CYCLOPHOSPHAMIDE,PRISM,CTRP,0,227,0.054399548790646415,0.5086166744294365,0.4758577860580655
CYCLOPHOSPHAMIDE,PRISM,GDSC2,0,398,0.014378766292988376,0.41526729123001943,0.368046261458044
DABRAFENIB,CTRP,GDSC2,0,394,0.5062869915818984,0.6537787626581464,0.6121647040634904
DABRAFENIB,CTRP,PRISM,0,346,0.3579467325293618,0.6840856694176216,0.6101774198937485
DABRAFENIB,GDSC2,CTRP,0,172,0.5062869915818984,0.7408734451054624,0.7159275283937263
DABRAFENIB,GDSC2,PRISM,0,300,0.30334043291843205,0.6166222222222222,0.5220444444444444
DABRAFENIB,PRISM,CTRP,0,170,0.3579467325293618,0.6913494809688581,0.593910034602076
DABRAFENIB,PRISM,GDSC2,0,338,0.303340432918432,0.6150695003676341,0.5866566296698296
DASATINIB,CTRP,GDSC2,0,310,0.7251555670325401,0.8911758584807492,0.8123204994797087
DASATINIB,CTRP,PRISM,0,275,0.4950103014287827,0.7917327832434148,0.7438908283084735
DASATINIB,GDSC2,CTRP,0,358,0.7251555670325401,0.752286133391592,0.7274429637027559
DASATINIB,GDSC2,PRISM,0,308,0.565431046505684,0.7344198009782426,0.7049671108112666
DASATINIB,PRISM,CTRP,0,342,0.4950103014287827,0.7871652816251153,0.7281898703874696
DASATINIB,PRISM,GDSC2,0,327,0.565431046505684,0.860504264551848,0.7575564866078108
DINACICLIB,CTRP,GDSC2,0,364,0.6225120009133888,0.8371271585557298,0.8365535563337763
DINACICLIB,CTRP,PRISM,0,382,0.34225161509618574,0.6972807762945095,0.6626737205668705
DINACICLIB,GDSC2,CTRP,0,184,0.6225120009133887,0.8906545368620038,0.8812618147448016
DINACICLIB,GDSC2,PRISM,0,332,0.3725387856530063,0.6717411815938453,0.6566990854986211
DINACICLIB,PRISM,CTRP,0,168,0.34225161509618574,0.8836451247165533,0.7236394557823128
DINACICLIB,PRISM,GDSC2,0,300,0.3725387856530063,0.8271555555555555,0.6242666666666666
DOCETAXEL,CTRP,GDSC2,0,390,0.4814762609258959,0.6780276134122288,0.6972781065088757
DOCETAXEL,CTRP,PRISM,0,384,0.2414797436484321,0.5284152560763888,0.5215115017361112
DOCETAXEL,GDSC2,CTRP,0,162,0.48147626092589596,0.8388965096784026,0.7401310775796373
DOCETAXEL,GDSC2,PRISM,0,300,0.3111199274377152,0.5915333333333334,0.6464222222222222
DOCETAXEL,PRISM,CTRP,0,174,0.2414797436484321,0.5877262518166203,0.6340996168582375
DOCETAXEL,PRISM,GDSC2,0,326,0.3111199274377152,0.6772366291542775,0.6782716699913433
ENTINOSTAT,CTRP,GDSC2,0,288,0.6101423212551538,0.8097029320987654,0.7963445216049383
ENTINOSTAT,CTRP,PRISM,0,190,0.3919480267785787,0.677229916897507,0.6446537396121883
ENTINOSTAT,GDSC2,CTRP,0,358,0.6101423212551538,0.8442464342561093,0.8221341406323148
ENTINOSTAT,GDSC2,PRISM,0,222,0.309854679338604,0.6184968752536321,0.5980439899358818
ENTINOSTAT,PRISM,CTRP,0,382,0.3919480267785787,0.7754721635920068,0.7430991475014391
ENTINOSTAT,PRISM,GDSC2,0,348,0.309854679338604,0.7350046241247193,0.7284317611309288
ERLOTINIB,CTRP,GDSC2,0,312,0.45986455325318826,0.6605851413543723,0.6389710716633794
ERLOTINIB,CTRP,PRISM,0,292,0.39067871392630726,0.6788797147682492,0.6231469318821542
ERLOTINIB,GDSC2,CTRP,0,350,0.45986455325318815,0.7157224489795918,0.6465306122448979
ERLOTINIB,GDSC2,PRISM,0,322,0.3323920389282104,0.663612514949269,0.5997068014351298
ERLOTINIB,PRISM,CTRP,0,332,0.39067871392630726,0.6998475831034983,0.6334736536507476
ERLOTINIB,PRISM,GDSC2,0,326,0.3323920389282104,0.6897888516692385,0.6787233241747902
FULVESTRANT,CTRP,GDSC2,0,434,0.06315435209318516,0.3861305188048164,0.4933636305718957
FULVESTRANT,CTRP,PRISM,0,226,0.07782729335434517,0.553528075808599,0.5453833503015114
FULVESTRANT,GDSC2,CTRP,0,88,0.06315435209318515,0.4643595041322314,0.5625
FULVESTRANT,GDSC2,PRISM,0,168,0.014542602780012246,0.4756235827664399,0.5734126984126984
FULVESTRANT,PRISM,CTRP,0,107,0.07782729335434517,0.6042976939203354,0.5062893081761006
FULVESTRANT,PRISM,GDSC2,0,388,0.014542602780012247,0.40012222340312464,0.4962801572962057
GEFITINIB,CTRP,GDSC2,0,316,0.2454773111336824,0.6400016023073226,0.5491507771190515
GEFITINIB,CTRP,PRISM,0,278,0.3367781472599926,0.755783862118938,0.6119766057657471
GEFITINIB,GDSC2,CTRP,0,336,0.24547731113368237,0.591624149659864,0.5487882653061225
GEFITINIB,GDSC2,PRISM,0,310,0.25391654218700194,0.6879916753381893,0.6255983350676378
GEFITINIB,PRISM,CTRP,0,328,0.3367781472599926,0.6960886377156456,0.6223973825104105
GEFITINIB,PRISM,GDSC2,0,328,0.25391654218700194,0.7478249553837001,0.6057406305770374
GEMCITABINE,CTRP,GDSC2,0,326,0.659613758122666,0.722665512439309,0.7750009409462155
GEMCITABINE,CTRP,PRISM,0,177,0.3573567984260947,0.5270684371807968,0.5324310520939735
GEMCITABINE,GDSC2,CTRP,0,330,0.6596137581226659,0.8282093663911846,0.8184022038567493
GEMCITABINE,GDSC2,PRISM,0,172,0.26463042405504256,0.5696322336398053,0.6318280151433208
GEMCITABINE,PRISM,CTRP,0,384,0.35735679842609464,0.7388509114583333,0.6114908854166666
GEMCITABINE,PRISM,GDSC2,0,388,0.26463042405504256,0.6963412689977682,0.559597194175789
LAPATINIB,CTRP,GDSC2,0,316,0.4194270475894736,0.6261616728088447,0.5840410190674572
LAPATINIB,CTRP,PRISM,0,278,0.30111696314344666,0.7251436261063092,0.6348791470420787
LAPATINIB,GDSC2,CTRP,0,326,0.4194270475894736,0.6572509315367534,0.5969362791222853
LAPATINIB,GDSC2,PRISM,0,296,0.3104367547708816,0.7656135865595325,0.6758582907231556
LAPATINIB,PRISM,CTRP,0,316,0.3011169631434467,0.6592092613363242,0.5986220157026118
LAPATINIB,PRISM,GDSC2,0,338,0.3104367547708816,0.6519029445747697,0.6133188613844054
NAVITOCLAX,CTRP,GDSC2,0,316,0.49030969722092793,0.7284089088287133,0.6204935106553437
NAVITOCLAX,CTRP,PRISM,0,286,0.29636741052877563,0.5712504278937846,0.5714215854075994
NAVITOCLAX,GDSC2,CTRP,0,348,0.49030969722092793,0.692627824019025,0.6415312458713174
NAVITOCLAX,GDSC2,PRISM,0,320,0.4078541613990435,0.56763671875,0.5601171875
NAVITOCLAX,PRISM,CTRP,0,332,0.2963674105287757,0.696200464508637,0.6252358832922049
NAVITOCLAX,PRISM,GDSC2,0,322,0.4078541613990435,0.6846765171096794,0.5859920527757417
NELARABINE,CTRP,GDSC2,0,248,0.17600167973416386,0.5698165972944849,0.6011966701352758
NELARABINE,CTRP,PRISM,0,174,0.06559973378646647,0.5504029594398203,0.5500066058924561
NELARABINE,GDSC2,CTRP,0,355,0.17600167973416384,0.5200914111597792,0.5141242937853108
NELARABINE,GDSC2,PRISM,0,204,0.14824907187207922,0.5627162629757785,0.5304690503652442
NELARABINE,PRISM,CTRP,0,368,0.06559973378646647,0.5369063090737239,0.5054200141776938
NELARABINE,PRISM,GDSC2,0,294,0.14824907187207922,0.5187884677680596,0.5832986255726781
NILOTINIB,CTRP,GDSC2,0,312,0.10751825335022556,0.5627260026298487,0.5152449046679816
NILOTINIB,CTRP,PRISM,0,178,0.15563421275383252,0.5723393510920338,0.5737911879813156
NILOTINIB,GDSC2,CTRP,0,348,0.10751825335022556,0.5199828246796142,0.5159862597436914
NILOTINIB,GDSC2,PRISM,0,198,0.049588562533743455,0.4708703193551679,0.4732170186715641
NILOTINIB,PRISM,CTRP,0,384,0.15563421275383255,0.5355631510416666,0.549465603298611
NILOTINIB,PRISM,GDSC2,0,376,0.04958856253374345,0.5652868945224083,0.5857005432322318
OLAPARIB,CTRP,GDSC2,0,308,0.44187088205463676,0.6037696070163603,0.6158711418451678
OLAPARIB,CTRP,PRISM,0,279,0.3299315023288066,0.7026978417266188,0.6413155190133607
OLAPARIB,GDSC2,CTRP,0,350,0.4418708820546368,0.7493551020408162,0.6209632653061224
OLAPARIB,GDSC2,PRISM,0,310,0.3194693526372597,0.7115296566077002,0.6270135275754423
OLAPARIB,PRISM,CTRP,0,336,0.3299315023288066,0.756607851473923,0.6833545918367347
OLAPARIB,PRISM,GDSC2,0,330,0.3194693526372597,0.6576308539944903,0.6258953168044077
PACLITAXEL,CTRP,GDSC2,0,306,0.2910702254437398,0.6155538468110556,0.5956469733863045
PACLITAXEL,CTRP,PRISM,0,290,0.153069535771278,0.4115338882282996,0.5106777645659929
PACLITAXEL,GDSC2,CTRP,0,346,0.29107022544373984,0.7665474957399179,0.6512412710080525
PACLITAXEL,GDSC2,PRISM,0,308,0.21923222964067415,0.5096137628605162,0.6177685950413223
PACLITAXEL,PRISM,CTRP,0,334,0.153069535771278,0.2687260210118685,0.3874108071282585
PACLITAXEL,PRISM,GDSC2,0,330,0.21923222964067415,0.4443342516069789,0.4813406795224977
PEVONEDISTAT,CTRP,GDSC2,0,310,0.6379886372226005,0.7630176899063477,0.7376899063475546
PEVONEDISTAT,CTRP,PRISM,0,294,0.33391492395942945,0.6991994076542182,0.6440834837336296
PEVONEDISTAT,GDSC2,CTRP,0,338,0.6379886372226005,0.7667448618745842,0.7527572563985855
PEVONEDISTAT,GDSC2,PRISM,0,328,0.38271228598805107,0.6942853955978585,0.6509518143961928
PEVONEDISTAT,PRISM,CTRP,0,324,0.33391492395942945,0.7315195854290504,0.5781511964639536
PEVONEDISTAT,PRISM,GDSC2,0,327,0.38271228598805107,0.7749139607960498,0.6181729762082897
RUXOLITINIB,CTRP,GDSC2,0,284,0.17529157033617682,0.5142580837135489,0.5252926006744694
RUXOLITINIB,CTRP,PRISM,0,260,0.25791017026227064,0.668698224852071,0.6465680473372781
RUXOLITINIB,GDSC2,CTRP,0,358,0.17529157033617682,0.5615305389969103,0.5588308729440404
RUXOLITINIB,GDSC2,PRISM,0,300,0.00854178703005675,0.4856444444444445,0.5156888888888889
RUXOLITINIB,PRISM,CTRP,0,348,0.25791017026227064,0.7132877526753865,0.7095058792442859
RUXOLITINIB,PRISM,GDSC2,0,312,0.008541787030056749,0.43854783037475353,0.4736604207758054
TENIPOSIDE,CTRP,GDSC2,0,304,0.6387576232435772,0.7373182132963989,0.7516447368421052
TENIPOSIDE,CTRP,PRISM,0,382,0.3375386952528933,0.5491762835448588,0.5665688988788684
TENIPOSIDE,GDSC2,CTRP,0,195,0.6387576232435771,0.8074900063118031,0.8231643172733011
TENIPOSIDE,GDSC2,PRISM,0,352,0.38310607473466485,0.5688920454545454,0.5706353305785123
TENIPOSIDE,PRISM,CTRP,0,174,0.3375386952528933,0.6510767604703396,0.4823622671422909
TENIPOSIDE,PRISM,GDSC2,0,248,0.38310607473466485,0.7478212799167534,0.6461693548387097
TOPOTECAN,CTRP,GDSC2,0,237,0.6255561040844476,0.7493946731234867,0.7887053126335279
TOPOTECAN,CTRP,PRISM,0,190,0.516578047208344,0.734792243767313,0.7334072022160664
TOPOTECAN,GDSC2,CTRP,0,387,0.6255561040844476,0.8534800491426741,0.823540409166177
TOPOTECAN,GDSC2,PRISM,0,230,0.5583932853717026,0.7537996219281663,0.7425330812854443
TOPOTECAN,PRISM,CTRP,0,399,0.516578047208344,0.748756281407035,0.8156532663316582
TOPOTECAN,PRISM,GDSC2,0,286,0.5583932853717026,0.6853635874614895,0.710792703799697
TRAMETINIB,CTRP,GDSC2,0,388,0.7550622120046571,0.8987272823892019,0.8703369114677436
TRAMETINIB,CTRP,PRISM,0,386,0.5894206725396587,0.8483449220113292,0.8110016376278558
TRAMETINIB,GDSC2,CTRP,0,172,0.7550622120046572,0.7481746890210925,0.7651433207138993
TRAMETINIB,GDSC2,PRISM,0,332,0.5617254574701052,0.753592683988968,0.6951117723907679
TRAMETINIB,PRISM,CTRP,0,166,0.5894206725396587,0.8265350558861952,0.7793583974452024
TRAMETINIB,PRISM,GDSC2,0,326,0.5617254574701052,0.8062215363769807,0.6757875719823854
VENETOCLAX,CTRP,GDSC2,0,368,0.25635629313590197,0.6039254489603025,0.5815808128544424
VENETOCLAX,CTRP,PRISM,0,332,0.22466556177140054,0.6799789519523879,0.5925388300188706
VENETOCLAX,GDSC2,CTRP,0,222,0.25635629313590197,0.6184541690346675,0.5832589104489729
VENETOCLAX,GDSC2,PRISM,0,298,0.11561457466087473,0.6391829196883024,0.5595243457501915
VENETOCLAX,PRISM,CTRP,0,210,0.22466556177140054,0.702766439909297,0.6916099773242631
VENETOCLAX,PRISM,GDSC2,0,336,0.11561457466087474,0.5976473922902494,0.5983914399092971
VORINOSTAT,CTRP,GDSC2,0,312,0.6596779667180583,0.8358604536489151,0.7935568704799474
VORINOSTAT,CTRP,PRISM,0,300,0.24513841769049236,0.5940888888888889,0.5588444444444445
VORINOSTAT,GDSC2,CTRP,0,344,0.6596779667180585,0.811333829096809,0.7915765278528935
VORINOSTAT,GDSC2,PRISM,0,326,0.23517029196800743,0.5489856599796756,0.5738642779178742
VORINOSTAT,PRISM,CTRP,0,328,0.24513841769049238,0.784038518738846,0.6361168947055325
VORINOSTAT,PRISM,GDSC2,0,326,0.23517029196800743,0.7967932552975273,0.6368323986600927
AFATINIB,CTRP,GDSC2,1,332,0.49736772066437346,0.6952569313398171,0.6316591667876325
AFATINIB,CTRP,PRISM,1,158,0.4388170888238673,0.8216631950008012,0.6824226886716872
AFATINIB,GDSC2,CTRP,1,318,0.49736772066437357,0.7817728729085083,0.6984692061231756
AFATINIB,GDSC2,PRISM,1,173,0.37292327519141255,0.8343357391071907,0.6988773055332799
AFATINIB,PRISM,CTRP,1,364,0.4388170888238673,0.7695024755464315,0.7435696171959909
AFATINIB,PRISM,GDSC2,1,394,0.37292327519141255,0.6817233116029785,0.7032904738591564
ALISERTIB,CTRP,GDSC2,1,303,0.5358716098209969,0.6803328685953295,0.6736232136632972
ALISERTIB,CTRP,PRISM,1,188,0.342716988196209,0.621661385242191,0.6429379809868719
ALISERTIB,GDSC2,CTRP,1,356,0.5358716098209969,0.8018400454488069,0.7549551824264613
ALISERTIB,GDSC2,PRISM,1,216,0.30488091948688756,0.6718964334705075,0.6630658436213992
ALISERTIB,PRISM,CTRP,1,386,0.342716988196209,0.779671937501678,0.7489328572579129
ALISERTIB,PRISM,GDSC2,1,368,0.30488091948688756,0.7278473534971646,0.7187647684310018
ALPELISIB,CTRP,GDSC2,1,350,0.41425353071578097,0.6408326530612245,0.6213877551020408
ALPELISIB,CTRP,PRISM,1,338,0.3204526108466589,0.5759952382619656,0.5762053149399531
ALPELISIB,GDSC2,CTRP,1,238,0.414253530715781,0.697019984464374,0.6662665066026411
ALPELISIB,GDSC2,PRISM,1,316,0.2648654901597536,0.6882310527159109,0.6128024355071302
ALPELISIB,PRISM,CTRP,1,245,0.32045261084665894,0.680327868852459,0.6351459416233507
ALPELISIB,PRISM,GDSC2,1,326,0.2648654901597536,0.6944559448981896,0.6496292671910874
AZD7762,CTRP,GDSC2,1,304,0.5670027988313942,0.6866127077562327,0.6354743767313019
AZD7762,CTRP,PRISM,1,192,0.38378314960129156,0.4954969618055556,0.5181206597222222
AZD7762,GDSC2,CTRP,1,358,0.5670027988313942,0.7295808495365312,0.7102150369838645
AZD7762,GDSC2,PRISM,1,210,0.3931390103319773,0.46285714285714286,0.5327891156462585
AZD7762,PRISM,CTRP,1,392,0.38378314960129156,0.4551488962932112,0.2950333194502291
AZD7762,PRISM,GDSC2,1,374,0.3931390103319773,0.4888615630987446,0.3593468500672024
BI-2536,CTRP,GDSC2,1,294,0.6776776236162916,0.7911981118978204,0.7827756953121385
BI-2536,CTRP,PRISM,1,194,0.46148631662602424,0.634020618556701,0.656180252949304
BI-2536,GDSC2,CTRP,1,370,0.6776776236162916,0.8412710007304603,0.8397662527392257
BI-2536,GDSC2,PRISM,1,212,0.4008162480555119,0.6027945888216447,0.6570843716625133
BI-2536,PRISM,CTRP,1,394,0.4614863166260243,0.8606637635599992,0.8144244891648844
BI-2536,PRISM,GDSC2,1,352,0.4008162480555119,0.8483987603305785,0.8062370867768595
BIBR-1532,CTRP,GDSC2,1,316,-0.07123716182956426,0.3281525396571062,0.4634273353629226
BIBR-1532,CTRP,PRISM,1,192,0.018597693935375765,0.4625108506944445,0.5303819444444444
BIBR-1532,GDSC2,CTRP,1,351,-0.07123716182956426,0.35584415584415585,0.418896103896104
BIBR-1532,GDSC2,PRISM,1,216,-0.016090000246761594,0.5030435528120714,0.39900548696844995
BIBR-1532,PRISM,CTRP,1,388,0.01859769393537576,0.43134233180996917,0.43532787756403446
BIBR-1532,PRISM,GDSC2,1,368,-0.016090000246761594,0.4958500708884688,0.5299503780718335
BMS-345541,CTRP,GDSC2,1,296,0.2991130481737351,0.6770681154127101,0.6531227173119065
BMS-345541,CTRP,PRISM,1,192,-0.04346026426083149,0.4536675347222222,0.4920789930555556
BMS-345541,GDSC2,CTRP,1,354,0.2991130481737351,0.7833476970219285,0.7425388617574772
BMS-345541,GDSC2,PRISM,1,206,-0.07358063154192682,0.4538599302479027,0.46394570647563393
BMS-345541,PRISM,CTRP,1,382,-0.04346026426083149,0.6961980208875854,0.6281488994270991
BMS-345541,PRISM,GDSC2,1,346,-0.07358063154192682,0.5940726385779678,0.5856527114170202
BMS-754807,CTRP,GDSC2,1,302,0.5439593560705145,0.7190693390640761,0.6142713038901803
BMS-754807,CTRP,PRISM,1,292,0.34053602962475193,0.6016372677800713,0.5446143741790205
BMS-754807,GDSC2,CTRP,1,358,0.5439593560705145,0.6749165132174402,0.6899909490964702
BMS-754807,GDSC2,PRISM,1,334,0.37790737615998915,0.6548997812757718,0.6486428340922945
BMS-754807,PRISM,CTRP,1,334,0.34053602962475193,0.6916167664670658,0.5392807199971315
BMS-754807,PRISM,GDSC2,1,326,0.37790737615998915,0.6854416801535623,0.5721705747299485
BORTEZOMIB,CTRP,GDSC2,1,318,0.4589097592550305,0.611209999604446,0.64520786361299
BORTEZOMIB,CTRP,PRISM,1,288,0.20288130564476584,0.3993537808641976,0.4435281635802469
BORTEZOMIB,GDSC2,CTRP,1,352,0.45890975925503047,0.6585098140495869,0.6041774276859504
BORTEZOMIB,GDSC2,PRISM,1,322,0.28799090609249245,0.46319586435708504,0.5007522857914433
BORTEZOMIB,PRISM,CTRP,1,334,0.20288130564476586,0.31300871311269673,0.42321345333285526
BORTEZOMIB,PRISM,GDSC2,1,330,0.28799090609249245,0.46668503213957757,0.437208448117539
CRIZOTINIB,CTRP,GDSC2,1,312,0.5392679870668746,0.7099153517422747,0.7140039447731755
CRIZOTINIB,CTRP,PRISM,1,276,0.11638613262730235,0.5204526360008401,0.5745116572148707
CRIZOTINIB,GDSC2,CTRP,1,352,0.5392679870668745,0.7912254648760332,0.7407670454545455
CRIZOTINIB,GDSC2,PRISM,1,314,0.19142258427773975,0.5569799991886082,0.5301229258793461
CRIZOTINIB,PRISM,CTRP,1,335,0.11638613262730237,0.5420052751639579,0.4821963216424294
CRIZOTINIB,PRISM,GDSC2,1,334,0.19142258427773975,0.6083760622467639,0.5392986482125569
CYCLOPHOSPHAMIDE,CTRP,GDSC2,1,382,0.07122076548536568,0.599860201200625,0.5481483511965132
CYCLOPHOSPHAMIDE,CTRP,PRISM,1,164,0.054399548790646415,0.5273646638905414,0.5303390838786437
CYCLOPHOSPHAMIDE,GDSC2,CTRP,1,181,0.07122076548536568,0.5323565323565324,0.5141636141636142
CYCLOPHOSPHAMIDE,GDSC2,PRISM,1,142,0.014378766292988378,0.4560603054949415,0.4409839317595715
CYCLOPHOSPHAMIDE,PRISM,CTRP,1,223,0.054399548790646415,0.5047055984555984,0.5106981981981982
CYCLOPHOSPHAMIDE,PRISM,GDSC2,1,394,0.014378766292988376,0.40169805972841355,0.47777577366074875
DABRAFENIB,CTRP,GDSC2,1,392,0.5062869915818984,0.6915347771761766,0.6735995418575593
DABRAFENIB,CTRP,PRISM,1,346,0.3579467325293618,0.6687994921313777,0.6117143907247152
DABRAFENIB,GDSC2,CTRP,1,172,0.5062869915818984,0.7105191995673337,0.6902379664683613
DABRAFENIB,GDSC2,PRISM,1,296,0.30334043291843205,0.6254793644996348,0.5534149013878744
DABRAFENIB,PRISM,CTRP,1,170,0.3579467325293618,0.7108650519031142,0.6509342560553633
DABRAFENIB,PRISM,GDSC2,1,336,0.303340432918432,0.6190121882086168,0.6490752551020408
DASATINIB,CTRP,GDSC2,1,304,0.7251555670325401,0.8924861495844877,0.7740650969529087
DASATINIB,CTRP,PRISM,1,275,0.4950103014287827,0.7954353115413096,0.7125515709298635
DASATINIB,GDSC2,CTRP,1,364,0.7251555670325401,0.7572304069556817,0.7399166767298635
DASATINIB,GDSC2,PRISM,1,308,0.565431046505684,0.6907362118401079,0.6849806038117726
DASATINIB,PRISM,CTRP,1,344,0.4950103014287827,0.7957510816657652,0.7314088696592753
DASATINIB,PRISM,GDSC2,1,330,0.565431046505684,0.8468686868686868,0.7913314967860423
DINACICLIB,CTRP,GDSC2,1,368,0.6225120009133888,0.8421107041587901,0.8518726370510397
DINACICLIB,CTRP,PRISM,1,380,0.34225161509618574,0.6774653739612189,0.6631024930747922
DINACICLIB,GDSC2,CTRP,1,184,0.6225120009133887,0.8836838374291115,0.8439272211720228
DINACICLIB,GDSC2,PRISM,1,335,0.3725387856530063,0.6803892215568863,0.6410037068719704
DINACICLIB,PRISM,CTRP,1,168,0.34225161509618574,0.8577097505668935,0.7396541950113379
DINACICLIB,PRISM,GDSC2,1,302,0.3725387856530063,0.810468839086005,0.7086531292487172
DOCETAXEL,CTRP,GDSC2,1,394,0.4814762609258959,0.6895050117240846,0.7450591357674765
DOCETAXEL,CTRP,PRISM,1,384,0.2414797436484321,0.5006510416666666,0.5719129774305556
DOCETAXEL,GDSC2,CTRP,1,164,0.48147626092589596,0.8459250446162997,0.7163890541344436
DOCETAXEL,GDSC2,PRISM,1,310,0.3111199274377152,0.6170447450572321,0.6203746097814775
DOCETAXEL,PRISM,CTRP,1,172,0.2414797436484321,0.574972958355868,0.565440778799351
DOCETAXEL,PRISM,GDSC2,1,332,0.3111199274377152,0.646719407751488,0.6330744665408623
ENTINOSTAT,CTRP,GDSC2,1,290,0.6101423212551538,0.8126753864447087,0.7744589774078477
ENTINOSTAT,CTRP,PRISM,1,190,0.3919480267785787,0.6013850415512465,0.5926869806094184
ENTINOSTAT,GDSC2,CTRP,1,358,0.6101423212551538,0.8247089666364971,0.8042820136699853
ENTINOSTAT,GDSC2,PRISM,1,218,0.309854679338604,0.6132480430940157,0.6191398030468815
ENTINOSTAT,PRISM,CTRP,1,380,0.3919480267785787,0.7416066481994461,0.6127146814404433
ENTINOSTAT,PRISM,GDSC2,1,350,0.309854679338604,0.7135999999999999,0.6027755102040816
ERLOTINIB,CTRP,GDSC2,1,312,0.45986455325318826,0.6720701840894148,0.6358686719263642
ERLOTINIB,CTRP,PRISM,1,284,0.39067871392630726,0.6206853798849435,0.5695298551874628
ERLOTINIB,GDSC2,CTRP,1,358,0.45986455325318815,0.7433208489388264,0.6916978776529338
ERLOTINIB,GDSC2,PRISM,1,332,0.3323920389282104,0.6631405138626796,0.5976556829728553
ERLOTINIB,PRISM,CTRP,1,332,0.39067871392630726,0.7189904195093628,0.6099941936420381
ERLOTINIB,PRISM,GDSC2,1,330,0.3323920389282104,0.6617630853994491,0.5817079889807162
FULVESTRANT,CTRP,GDSC2,1,434,0.06315435209318516,0.3794729129945423,0.456518507507061
FULVESTRANT,CTRP,PRISM,1,228,0.07782729335434517,0.4507925515543245,0.4169744536780548
FULVESTRANT,GDSC2,CTRP,1,94,0.06315435209318515,0.46038931643277503,0.5178813942960615
FULVESTRANT,GDSC2,PRISM,1,172,0.014542602780012246,0.4548404542996214,0.5146024878312602
FULVESTRANT,PRISM,CTRP,1,104,0.07782729335434517,0.5232988165680473,0.49852071005917165
FULVESTRANT,PRISM,GDSC2,1,384,0.014542602780012247,0.39736599392361105,0.4888237847222222
GEFITINIB,CTRP,GDSC2,1,308,0.2454773111336824,0.5844577500421657,0.5347444763029179
GEFITINIB,CTRP,PRISM,1,276,0.3367781472599926,0.7491073303927746,0.630644822516278
GEFITINIB,GDSC2,CTRP,1,346,0.24547731113368237,0.6077383140098233,0.5498011961642555
GEFITINIB,GDSC2,PRISM,1,316,0.25391654218700194,0.7127663835923731,0.6596298670084922
GEFITINIB,PRISM,CTRP,1,324,0.3367781472599926,0.6528730376467002,0.6275720164609053
GEFITINIB,PRISM,GDSC2,1,330,0.25391654218700194,0.7014508723599633,0.5828833792470156
GEMCITABINE,CTRP,GDSC2,1,328,0.659613758122666,0.7270226055919096,0.789596966091612
GEMCITABINE,CTRP,PRISM,1,175,0.3573567984260947,0.5626306165099269,0.5472831765935214
GEMCITABINE,GDSC2,CTRP,1,332,0.6596137581226659,0.8252286253447525,0.8114022354478154
GEMCITABINE,GDSC2,PRISM,1,175,0.26463042405504256,0.6125914315569488,0.6107628004179728
GEMCITABINE,PRISM,CTRP,1,380,0.35735679842609464,0.7038365650969529,0.47795013850415513
GEMCITABINE,PRISM,GDSC2,1,388,0.26463042405504256,0.6700765224784782,0.5422866404506324
LAPATINIB,CTRP,GDSC2,1,308,0.4194270475894736,0.6475164445943666,0.6221538202057683
LAPATINIB,CTRP,PRISM,1,276,0.30111696314344666,0.7535969334173492,0.6996954421340055
LAPATINIB,GDSC2,CTRP,1,333,0.4194270475894736,0.7302503426881177,0.6174879157347954
LAPATINIB,GDSC2,PRISM,1,306,0.3104367547708816,0.7871972318339101,0.6638045196292024
LAPATINIB,PRISM,CTRP,1,318,0.3011169631434467,0.652169613543768,0.6391361101222262
LAPATINIB,PRISM,GDSC2,1,334,0.3104367547708816,0.6659614901932662,0.6401090035497866
NAVITOCLAX,CTRP,GDSC2,1,322,0.49030969722092793,0.7191466378611937,0.6280236102002237
NAVITOCLAX,CTRP,PRISM,1,288,0.29636741052877563,0.5516975308641976,0.540991512345679
NAVITOCLAX,GDSC2,CTRP,1,360,0.49030969722092793,0.6837808641975309,0.6246296296296296
NAVITOCLAX,GDSC2,PRISM,1,322,0.4078541613990435,0.5398325681879557,0.5599706801435129
NAVITOCLAX,PRISM,CTRP,1,336,0.2963674105287757,0.6841695011337868,0.5949900793650793
NAVITOCLAX,PRISM,GDSC2,1,326,0.4078541613990435,0.7062365915164289,0.5838006699537055
NELARABINE,CTRP,GDSC2,1,254,0.17600167973416386,0.5078430156860314,0.5880711761423523
NELARABINE,CTRP,PRISM,1,174,0.06559973378646647,0.5132778438367024,0.4629409433214427
NELARABINE,GDSC2,CTRP,1,358,0.17600167973416384,0.5142005555382166,0.5214256733560128
NELARABINE,GDSC2,PRISM,1,208,0.14824907187207922,0.5497411242603549,0.5796967455621301
NELARABINE,PRISM,CTRP,1,367,0.06559973378646647,0.5450077215490615,0.5261641720123544
NELARABINE,PRISM,GDSC2,1,296,0.14824907187207922,0.4839527027027027,0.5660838203067933
NILOTINIB,CTRP,GDSC2,1,308,0.10751825335022556,0.5933125316242199,0.5467827626918536
NILOTINIB,CTRP,PRISM,1,174,0.15563421275383252,0.5406262386048355,0.46161976483022854
NILOTINIB,GDSC2,CTRP,1,356,0.10751825335022556,0.5556116651937887,0.537716197449817
NILOTINIB,GDSC2,PRISM,1,202,0.049588562533743455,0.5430840113714342,0.4993628075678856
NILOTINIB,PRISM,CTRP,1,382,0.15563421275383255,0.546613305556317,0.5242180861270249
NILOTINIB,PRISM,GDSC2,1,374,0.04958856253374345,0.5336154880036603,0.5273813949498127
OLAPARIB,CTRP,GDSC2,1,312,0.44187088205463676,0.5721975673898752,0.5738412228796844
OLAPARIB,CTRP,PRISM,1,279,0.3299315023288066,0.6879496402877697,0.6228160328879753
OLAPARIB,GDSC2,CTRP,1,352,0.4418708820546368,0.7797649793388429,0.6644176136363636
OLAPARIB,GDSC2,PRISM,1,310,0.3194693526372597,0.7260978147762747,0.6570239334027056
OLAPARIB,PRISM,CTRP,1,336,0.3299315023288066,0.8023136337868482,0.7390518707482994
OLAPARIB,PRISM,GDSC2,1,334,0.3194693526372597,0.6663917673634767,0.6517982000071711
PACLITAXEL,CTRP,GDSC2,1,306,0.2910702254437398,0.6023110769362211,0.6075868255799051
PACLITAXEL,CTRP,PRISM,1,288,0.153069535771278,0.4660493827160494,0.5329378858024691
PACLITAXEL,GDSC2,CTRP,1,350,0.29107022544373984,0.8045877551020408,0.6626612244897959
PACLITAXEL,GDSC2,PRISM,1,316,0.21923222964067415,0.4866407626982855,0.4671326710463067
PACLITAXEL,PRISM,CTRP,1,334,0.153069535771278,0.2964788984904443,0.4218329807450966
PACLITAXEL,PRISM,GDSC2,1,326,0.21923222964067415,0.45404418683428055,0.5048364635477436
PEVONEDISTAT,CTRP,GDSC2,1,312,0.6379886372226005,0.7596770216962525,0.76232741617357
PEVONEDISTAT,CTRP,PRISM,1,296,0.33391492395942945,0.6672069028487948,0.6316654492330167
PEVONEDISTAT,GDSC2,CTRP,1,345,0.6379886372226005,0.7402876730743381,0.7288950127705336
PEVONEDISTAT,GDSC2,PRISM,1,332,0.38271228598805107,0.7182464798954855,0.6523806067644069
PEVONEDISTAT,PRISM,CTRP,1,324,0.33391492395942945,0.7245275110501447,0.5839429964944369
PEVONEDISTAT,PRISM,GDSC2,1,324,0.38271228598805107,0.7788256363359244,0.6929964944368237
RUXOLITINIB,CTRP,GDSC2,1,288,0.17529157033617682,0.5361207561728395,0.5590760030864197
RUXOLITINIB,CTRP,PRISM,1,264,0.25791017026227064,0.6651170798898072,0.5992883379247015
RUXOLITINIB,GDSC2,CTRP,1,366,0.17529157033617682,0.6125294872943355,0.5433127295529875
RUXOLITINIB,GDSC2,PRISM,1,298,0.00854178703005675,0.5110130174316472,0.505562812485924
RUXOLITINIB,PRISM,CTRP,1,352,0.25791017026227064,0.6655475206611571,0.6689695247933884
RUXOLITINIB,PRISM,GDSC2,1,318,0.008541787030056749,0.42646651635615684,0.4386298010363514
TENIPOSIDE,CTRP,GDSC2,1,306,0.6387576232435772,0.7656029732154299,0.7751719424153104
TENIPOSIDE,CTRP,PRISM,1,378,0.3375386952528933,0.5793090898911004,0.6238067243358248
TENIPOSIDE,GDSC2,CTRP,1,199,0.6387576232435771,0.8243434343434344,0.851010101010101
TENIPOSIDE,GDSC2,PRISM,1,360,0.38310607473466485,0.6149845679012346,0.5784876543209877
TENIPOSIDE,PRISM,CTRP,1,172,0.3375386952528933,0.6537993510005408,0.5778799351000541
TENIPOSIDE,PRISM,GDSC2,1,250,0.38310607473466485,0.714944,0.6549759999999999
TOPOTECAN,CTRP,GDSC2,1,242,0.6255561040844476,0.7554470323065365,0.7808209821733488
TOPOTECAN,CTRP,PRISM,1,190,0.516578047208344,0.771191135734072,0.7631024930747922
TOPOTECAN,GDSC2,CTRP,1,394,0.6255561040844476,0.8869720941018836,0.8583833646834498
TOPOTECAN,GDSC2,PRISM,1,236,0.5583932853717026,0.7926242459063487,0.7512927319735708
TOPOTECAN,PRISM,CTRP,1,398,0.516578047208344,0.7644630186106411,0.6800459584353931
TOPOTECAN,PRISM,GDSC2,1,283,0.5583932853717026,0.704649885126361,0.6538307861352513
TRAMETINIB,CTRP,GDSC2,1,390,0.7550622120046571,0.8796712689020381,0.8678238001314925
TRAMETINIB,CTRP,PRISM,1,384,0.5894206725396587,0.8108588324652778,0.7777777777777779
TRAMETINIB,GDSC2,CTRP,1,180,0.7550622120046572,0.7638888888888888,0.8125925925925925
TRAMETINIB,GDSC2,PRISM,1,336,0.5617254574701052,0.7659970238095238,0.7367842970521542
TRAMETINIB,PRISM,CTRP,1,164,0.5894206725396587,0.8060678167757287,0.760261748958953
TRAMETINIB,PRISM,GDSC2,1,324,0.5617254574701052,0.7858939186099679,0.6790885535741502
VENETOCLAX,CTRP,GDSC2,1,372,0.25635629313590197,0.602959879754885,0.6017747716499017
VENETOCLAX,CTRP,PRISM,1,328,0.22466556177140054,0.6396861986912552,0.5712373587150505
VENETOCLAX,GDSC2,CTRP,1,222,0.25635629313590197,0.63890917944972,0.6003571138706274
VENETOCLAX,GDSC2,PRISM,1,312,0.11561457466087473,0.6337319197896121,0.5694444444444444
VENETOCLAX,PRISM,CTRP,1,214,0.22466556177140054,0.6790112673595947,0.6548170145864268
VENETOCLAX,PRISM,GDSC2,1,336,0.11561457466087474,0.6229804421768707,0.6034226190476191
VORINOSTAT,CTRP,GDSC2,1,310,0.6596779667180583,0.8317793964620187,0.7609573361082206
VORINOSTAT,CTRP,PRISM,1,298,0.24513841769049236,0.5792757083014278,0.564253862438629
VORINOSTAT,GDSC2,CTRP,1,348,0.6596779667180585,0.8319130664552781,0.8056050997489761
VORINOSTAT,GDSC2,PRISM,1,328,0.23517029196800743,0.562239738251041,0.5484086853063652
VORINOSTAT,PRISM,CTRP,1,328,0.24513841769049238,0.7509852766210589,0.6264872099940512
VORINOSTAT,PRISM,GDSC2,1,328,0.23517029196800743,0.8028517251635932,0.6270820939916717
AFATINIB,CTRP,GDSC2,2,324,0.49736772066437346,0.7229843011736015,0.6507392165828381
AFATINIB,CTRP,PRISM,2,146,0.4388170888238673,0.8210733721148433,0.7102645899793583
AFATINIB,GDSC2,CTRP,2,316,0.49736772066437357,0.7605351706457301,0.6739705175452652
AFATINIB,GDSC2,PRISM,2,174,0.37292327519141255,0.8409961685823755,0.7096049676311269
AFATINIB,PRISM,CTRP,2,362,0.4388170888238673,0.7729312292054578,0.7290680992643693
AFATINIB,PRISM,GDSC2,2,392,0.37292327519141255,0.685469596001666,0.6352301124531445
ALISERTIB,CTRP,GDSC2,2,304,0.5358716098209969,0.6948147506925206,0.6897074099722991
ALISERTIB,CTRP,PRISM,2,190,0.342716988196209,0.5961218836565098,0.6662603878116343
ALISERTIB,GDSC2,CTRP,2,353,0.5358716098209969,0.7829192347200821,0.7013353877760657
ALISERTIB,GDSC2,PRISM,2,220,0.30488091948688756,0.6259504132231405,0.5906611570247934
ALISERTIB,PRISM,CTRP,2,388,0.342716988196209,0.6394143904772027,0.5103358486555425
ALISERTIB,PRISM,GDSC2,2,368,0.30488091948688756,0.6632059310018904,0.5912098298676748
ALPELISIB,CTRP,GDSC2,2,350,0.41425353071578097,0.6536979591836736,0.5802775510204082
ALPELISIB,CTRP,PRISM,2,336,0.3204526108466589,0.596017573696145,0.5853883219954649
ALPELISIB,GDSC2,CTRP,2,237,0.414253530715781,0.6897521720552628,0.6331006979062812
ALPELISIB,GDSC2,PRISM,2,318,0.2648654901597536,0.675566631066809,0.5807918990546259
ALPELISIB,PRISM,CTRP,2,242,0.32045261084665894,0.6623522983402774,0.5904651321631036
ALPELISIB,PRISM,GDSC2,2,332,0.2648654901597536,0.6840434025257657,0.5569385977645521
AZD7762,CTRP,GDSC2,2,302,0.5670027988313942,0.658260602605149,0.655409850445156
AZD7762,CTRP,PRISM,2,196,0.38378314960129156,0.5077571845064557,0.5739275301957518
AZD7762,GDSC2,CTRP,2,360,0.5670027988313942,0.754104938271605,0.7273148148148149
AZD7762,GDSC2,PRISM,2,208,0.3931390103319773,0.516041050295858,0.6075258875739645
AZD7762,PRISM,CTRP,2,396,0.38378314960129156,0.5462835424956637,0.4441766146311601
AZD7762,PRISM,GDSC2,2,370,0.3931390103319773,0.5849671292914537,0.45002191380569756
BI-2536,CTRP,GDSC2,2,294,0.6776776236162916,0.8055439863020037,0.803554074691101
BI-2536,CTRP,PRISM,2,186,0.46148631662602424,0.5935946352179443,0.7001965545149728
BI-2536,GDSC2,CTRP,2,364,0.6776776236162916,0.8720867045042869,0.8704262770196836
BI-2536,GDSC2,PRISM,2,214,0.4008162480555119,0.6605380382566164,0.6284391649925758
BI-2536,PRISM,CTRP,2,397,0.4614863166260243,0.8417846809806608,0.8354652048119384
BI-2536,PRISM,GDSC2,2,354,0.4008162480555119,0.8384404226116378,0.8387755753455265
BIBR-1532,CTRP,GDSC2,2,308,-0.07123716182956426,0.32334710743801653,0.40516950581885647
BIBR-1532,CTRP,PRISM,2,186,0.018597693935375765,0.40241646433113654,0.5063013065094231
BIBR-1532,GDSC2,CTRP,2,349,-0.07123716182956426,0.3749589490968801,0.469688013136289
BIBR-1532,GDSC2,PRISM,2,214,-0.016090000246761594,0.45851166040702246,0.4632719014761115
BIBR-1532,PRISM,CTRP,2,390,0.01859769393537576,0.40853385930309005,0.5031163708086785
BIBR-1532,PRISM,GDSC2,2,364,-0.016090000246761594,0.5392615626132109,0.45003622750875494
BMS-345541,CTRP,GDSC2,2,294,0.2991130481737351,0.7084548104956269,0.649914387523717
BMS-345541,CTRP,PRISM,2,192,-0.04346026426083149,0.48605685763888895,0.5101996527777778
BMS-345541,GDSC2,CTRP,2,352,0.2991130481737351,0.7828480113636365,0.6944085743801653
BMS-345541,GDSC2,PRISM,2,210,-0.07358063154192682,0.4792290249433106,0.4879818594104308
BMS-345541,PRISM,CTRP,2,386,-0.04346026426083149,0.5413568149480522,0.48622781819646166
BMS-345541,PRISM,GDSC2,2,342,-0.07358063154192682,0.5217844806949147,0.47341062207174855
BMS-754807,CTRP,GDSC2,2,300,0.5439593560705145,0.6818888888888889,0.6088888888888889
BMS-754807,CTRP,PRISM,2,296,0.34053602962475193,0.581332176771366,0.5137874360847333
BMS-754807,GDSC2,CTRP,2,352,0.5439593560705145,0.7052879648760331,0.6995092975206612
BMS-754807,GDSC2,PRISM,2,336,0.37790737615998915,0.6244153911564626,0.6493409863945578
BMS-754807,PRISM,CTRP,2,334,0.34053602962475193,0.6737244074724802,0.5455914518268852
BMS-754807,PRISM,GDSC2,2,319,0.37790737615998915,0.6907822327044024,0.6325078616352201
BORTEZOMIB,CTRP,GDSC2,2,320,0.4589097592550305,0.5953515625,0.5915625
BORTEZOMIB,CTRP,PRISM,2,294,0.20288130564476584,0.36616687491323063,0.42468415937803694
BORTEZOMIB,GDSC2,CTRP,2,357,0.45890975925503047,0.668790408637248,0.6509321448747725
BORTEZOMIB,GDSC2,PRISM,2,320,0.28799090609249245,0.46990234375,0.47984374999999996
BORTEZOMIB,PRISM,CTRP,2,334,0.20288130564476586,0.28565025637348057,0.37387500448205385
BORTEZOMIB,PRISM,GDSC2,2,326,0.28799090609249245,0.4435996838420716,0.44446535436034484
CRIZOTINIB,CTRP,GDSC2,2,308,0.5392679870668746,0.7209689660988363,0.677264294147411
CRIZOTINIB,CTRP,PRISM,2,276,0.11638613262730235,0.5432682209619828,0.5418504515858013
CRIZOTINIB,GDSC2,CTRP,2,348,0.5392679870668745,0.7863324085083896,0.7170696261064871
CRIZOTINIB,GDSC2,PRISM,2,310,0.19142258427773975,0.5358168574401665,0.5817689906347554
CRIZOTINIB,PRISM,CTRP,2,336,0.11638613262730237,0.5436507936507936,0.5992240646258504
CRIZOTINIB,PRISM,GDSC2,2,336,0.19142258427773975,0.5799142573696145,0.5821641156462585
CYCLOPHOSPHAMIDE,CTRP,GDSC2,2,384,0.07122076548536568,0.4836154513888889,0.4782172309027778
CYCLOPHOSPHAMIDE,CTRP,PRISM,2,168,0.054399548790646415,0.5705073696145125,0.5676020408163266
CYCLOPHOSPHAMIDE,GDSC2,CTRP,2,188,0.07122076548536568,0.5135808057944772,0.49377546401086464
CYCLOPHOSPHAMIDE,GDSC2,PRISM,2,142,0.014378766292988378,0.4926601864709383,0.5441380678436818
CYCLOPHOSPHAMIDE,PRISM,CTRP,2,224,0.054399548790646415,0.48250159438775514,0.4630102040816327
CYCLOPHOSPHAMIDE,PRISM,GDSC2,2,396,0.014378766292988376,0.37294663809815326,0.3732272217120702
DABRAFENIB,CTRP,GDSC2,2,390,0.5062869915818984,0.6531360946745561,0.6203813280736358
DABRAFENIB,CTRP,PRISM,2,346,0.3579467325293618,0.6717899027698888,0.6330983327207725
DABRAFENIB,GDSC2,CTRP,2,176,0.5062869915818984,0.7363765495867768,0.6854338842975207
DABRAFENIB,GDSC2,PRISM,2,292,0.30334043291843205,0.6251407393507226,0.5436291987239632
DABRAFENIB,PRISM,CTRP,2,170,0.3579467325293618,0.7105882352941176,0.6420761245674741
DABRAFENIB,PRISM,GDSC2,2,340,0.303340432918432,0.6306574394463668,0.5764705882352941
DASATINIB,CTRP,GDSC2,2,307,0.7251555670325401,0.9081996434937611,0.8448773448773448
DASATINIB,CTRP,PRISM,2,278,0.4950103014287827,0.7828269758294084,0.7366337146110449
DASATINIB,GDSC2,CTRP,2,362,0.7251555670325401,0.7606605414975125,0.7478862061597631
DASATINIB,GDSC2,PRISM,2,312,0.565431046505684,0.7290228468113084,0.7212565746219592
DASATINIB,PRISM,CTRP,2,342,0.4950103014287827,0.7885674224547723,0.7194008412844979
DASATINIB,PRISM,GDSC2,2,334,0.565431046505684,0.8614866076230772,0.7724192333895085
DINACICLIB,CTRP,GDSC2,2,368,0.6225120009133888,0.8284056001890359,0.8414461247637052
DINACICLIB,CTRP,PRISM,2,388,0.34225161509618574,0.692647996599001,0.6899245403337231
DINACICLIB,GDSC2,CTRP,2,191,0.6225120009133887,0.9135964912280702,0.8334429824561403
DINACICLIB,GDSC2,PRISM,2,334,0.3725387856530063,0.6711965290974937,0.6499336656029259
DINACICLIB,PRISM,CTRP,2,170,0.34225161509618574,0.8344636678200692,0.6870588235294117
DINACICLIB,PRISM,GDSC2,2,296,0.3725387856530063,0.8350529583637691,0.7084550766983201
DOCETAXEL,CTRP,GDSC2,2,394,0.4814762609258959,0.694478084980288,0.7572985647659048
DOCETAXEL,CTRP,PRISM,2,383,0.2414797436484321,0.5290957678883073,0.5692081151832461
DOCETAXEL,GDSC2,CTRP,2,164,0.48147626092589596,0.826219512195122,0.7742415229030339
DOCETAXEL,GDSC2,PRISM,2,306,0.3111199274377152,0.5842624631551967,0.6105771284548678
DOCETAXEL,PRISM,CTRP,2,172,0.2414797436484321,0.5565170362358031,0.5439426717144402
DOCETAXEL,PRISM,GDSC2,2,328,0.3111199274377152,0.6600237953599047,0.6356521415823915
ENTINOSTAT,CTRP,GDSC2,2,288,0.6101423212551538,0.7975501543209876,0.7456597222222222
ENTINOSTAT,CTRP,PRISM,2,182,0.3919480267785787,0.6653181982852312,0.678058205530733
ENTINOSTAT,GDSC2,CTRP,2,358,0.6101423212551538,0.8417808432945288,0.8100870759339597
ENTINOSTAT,GDSC2,PRISM,2,214,0.309854679338604,0.574504323521705,0.5915800506594462
ENTINOSTAT,PRISM,CTRP,2,382,0.3919480267785787,0.7824895150900468,0.600422137551054
ENTINOSTAT,PRISM,GDSC2,2,350,0.309854679338604,0.783395918367347,0.5974857142857143
ERLOTINIB,CTRP,GDSC2,2,306,0.45986455325318826,0.6697851253791278,0.6523559314793456
ERLOTINIB,CTRP,PRISM,2,286,0.39067871392630726,0.63871093941024,0.5812020147684483
ERLOTINIB,GDSC2,CTRP,2,350,0.45986455325318815,0.7313469387755102,0.679934693877551
ERLOTINIB,GDSC2,PRISM,2,328,0.3323920389282104,0.7053837001784652,0.6225832837596669
ERLOTINIB,PRISM,CTRP,2,337,0.39067871392630726,0.7035080304311074,0.6333474218089603
ERLOTINIB,PRISM,GDSC2,2,330,0.3323920389282104,0.6667768595041321,0.5561065197428834
FULVESTRANT,CTRP,GDSC2,2,434,0.06315435209318516,0.36901399477585,0.4306101212597422
FULVESTRANT,CTRP,PRISM,2,228,0.07782729335434517,0.5256232686980609,0.5184672206832872
FULVESTRANT,GDSC2,CTRP,2,92,0.06315435209318515,0.5073251417769377,0.5614366729678639
FULVESTRANT,GDSC2,PRISM,2,166,0.014542602780012246,0.46138771955291047,0.5082014806212802
FULVESTRANT,PRISM,CTRP,2,104,0.07782729335434517,0.5299556213017751,0.518491124260355
FULVESTRANT,PRISM,GDSC2,2,384,0.014542602780012247,0.4402940538194445,0.4493543836805555
GEFITINIB,CTRP,GDSC2,2,320,0.2454773111336824,0.6216015625,0.5289453125
GEFITINIB,CTRP,PRISM,2,282,0.3367781472599926,0.7237563502841908,0.5576178260650873
GEFITINIB,GDSC2,CTRP,2,345,0.24547731113368237,0.5906203790832101,0.5514182013711519
GEFITINIB,GDSC2,PRISM,2,310,0.25391654218700194,0.6659729448491155,0.6195213319458897
GEFITINIB,PRISM,CTRP,2,333,0.3367781472599926,0.6643279705648942,0.6440372267513166
GEFITINIB,PRISM,GDSC2,2,328,0.25391654218700194,0.7444415526472339,0.6443337299226651
GEMCITABINE,CTRP,GDSC2,2,332,0.659613758122666,0.7296777471331107,0.7952533023660908
GEMCITABINE,CTRP,PRISM,2,170,0.3573567984260947,0.6193079584775086,0.5795155709342561
GEMCITABINE,GDSC2,CTRP,2,330,0.6596137581226659,0.8065932047750229,0.7763452708907255
GEMCITABINE,GDSC2,PRISM,2,178,0.26463042405504256,0.5703825274586543,0.5885620502461809
GEMCITABINE,PRISM,CTRP,2,382,0.35735679842609464,0.6731038074614182,0.6800800416655245
GEMCITABINE,PRISM,GDSC2,2,384,0.26463042405504256,0.652370876736111,0.6598578559027778
LAPATINIB,CTRP,GDSC2,2,314,0.4194270475894736,0.6702503144143779,0.6136557263986369
LAPATINIB,CTRP,PRISM,2,284,0.30111696314344666,0.7609849236262647,0.6895953183892086
LAPATINIB,GDSC2,CTRP,2,326,0.4194270475894736,0.6961308291618051,0.5589220520155068
LAPATINIB,GDSC2,PRISM,2,296,0.3104367547708816,0.7693571950328708,0.641572315558802
LAPATINIB,PRISM,CTRP,2,318,0.3011169631434467,0.6551758237411495,0.6005300423242751
LAPATINIB,PRISM,GDSC2,2,332,0.3104367547708816,0.641566265060241,0.5778777761649005
NAVITOCLAX,CTRP,GDSC2,2,314,0.49030969722092793,0.6941458071321351,0.6311006531705139
NAVITOCLAX,CTRP,PRISM,2,288,0.29636741052877563,0.5889998070987655,0.5732060185185185
NAVITOCLAX,GDSC2,CTRP,2,352,0.49030969722092793,0.6727789256198348,0.6321022727272727
NAVITOCLAX,GDSC2,PRISM,2,324,0.4078541613990435,0.5313595488492608,0.5532312147538485
NAVITOCLAX,PRISM,CTRP,2,332,0.2963674105287757,0.647935113949775,0.6026999564523153
NAVITOCLAX,PRISM,GDSC2,2,328,0.4078541613990435,0.66831499107674,0.6040117489589529
NELARABINE,CTRP,GDSC2,2,252,0.17600167973416386,0.5947656840513983,0.5790816326530612
NELARABINE,CTRP,PRISM,2,170,0.06559973378646647,0.5286505190311418,0.49660899653979235
NELARABINE,GDSC2,CTRP,2,360,0.17600167973416384,0.5186882716049381,0.547746913580247
NELARABINE,GDSC2,PRISM,2,208,0.14824907187207922,0.5494175295857987,0.5545488165680473
NELARABINE,PRISM,CTRP,2,369,0.06559973378646647,0.5071680376028203,0.49397767332549947
NELARABINE,PRISM,GDSC2,2,298,0.14824907187207922,0.4700238727985226,0.5987117697401017
NILOTINIB,CTRP,GDSC2,2,318,0.10751825335022556,0.5904434160041138,0.5751750326332028
NILOTINIB,CTRP,PRISM,2,174,0.15563421275383252,0.5793367683974104,0.5665213370326331
NILOTINIB,GDSC2,CTRP,2,348,0.10751825335022556,0.5848361738670895,0.5469678953626635
NILOTINIB,GDSC2,PRISM,2,198,0.049588562533743455,0.48841954902560963,0.4473012957861443
NILOTINIB,PRISM,CTRP,2,388,0.15563421275383255,0.5250425124880433,0.539722606015517
NILOTINIB,PRISM,GDSC2,2,374,0.04958856253374345,0.5698332809059453,0.49305098801795877
OLAPARIB,CTRP,GDSC2,2,308,0.44187088205463676,0.5769944341372913,0.5838252656434475
OLAPARIB,CTRP,PRISM,2,282,0.3299315023288066,0.6955384538001106,0.6387002665861878
OLAPARIB,GDSC2,CTRP,2,350,0.4418708820546368,0.7490122448979593,0.6305632653061225
OLAPARIB,GDSC2,PRISM,2,312,0.3194693526372597,0.7157297830374753,0.6097140039447732
OLAPARIB,PRISM,CTRP,2,342,0.3299315023288066,0.7732806675558291,0.6922813857255224
OLAPARIB,PRISM,GDSC2,2,336,0.3194693526372597,0.6622378117913833,0.6492346938775511
PACLITAXEL,CTRP,GDSC2,2,310,0.2910702254437398,0.6154838709677419,0.629885535900104
PACLITAXEL,CTRP,PRISM,2,288,0.153069535771278,0.44210551697530864,0.5451388888888888
PACLITAXEL,GDSC2,CTRP,2,352,0.29107022544373984,0.7734213584710743,0.686273243801653
PACLITAXEL,GDSC2,PRISM,2,312,0.21923222964067415,0.509861932938856,0.5404339250493098
PACLITAXEL,PRISM,CTRP,2,336,0.153069535771278,0.30247307256235834,0.4143636621315193
PACLITAXEL,PRISM,GDSC2,2,322,0.21923222964067415,0.4493653794220902,0.5320589483430423
PEVONEDISTAT,CTRP,GDSC2,2,314,0.6379886372226005,0.8064018824293074,0.7729725343827336
PEVONEDISTAT,CTRP,PRISM,2,296,0.33391492395942945,0.6740777940102266,0.6217129291453616
PEVONEDISTAT,GDSC2,CTRP,2,347,0.6379886372226005,0.7763769849179457,0.7562288220051823
PEVONEDISTAT,GDSC2,PRISM,2,338,0.38271228598805107,0.7043695949021394,0.6682889254577921
PEVONEDISTAT,PRISM,CTRP,2,328,0.33391492395942945,0.7319303985722783,0.648312016656752
PEVONEDISTAT,PRISM,GDSC2,2,330,0.38271228598805107,0.7620018365472911,0.6423875114784205
RUXOLITINIB,CTRP,GDSC2,2,280,0.17529157033617682,0.5136479591836735,0.5442346938775511
RUXOLITINIB,CTRP,PRISM,2,256,0.25791017026227064,0.640655517578125,0.5653076171875
RUXOLITINIB,GDSC2,CTRP,2,364,0.17529157033617682,0.5126343436782997,0.5628094433039488
RUXOLITINIB,GDSC2,PRISM,2,304,0.00854178703005675,0.439880540166205,0.514196675900277
RUXOLITINIB,PRISM,CTRP,2,351,0.25791017026227064,0.7000974025974025,0.6486363636363637
RUXOLITINIB,PRISM,GDSC2,2,312,0.008541787030056749,0.43803418803418803,0.49235700197238663
TENIPOSIDE,CTRP,GDSC2,2,306,0.6387576232435772,0.7362766457345464,0.7339484813533257
TENIPOSIDE,CTRP,PRISM,2,380,0.3375386952528933,0.5345290858725762,0.5695013850415512
TENIPOSIDE,GDSC2,CTRP,2,202,0.6387576232435771,0.8347711008724634,0.8755024017253211
TENIPOSIDE,GDSC2,PRISM,2,358,0.38310607473466485,0.5866077837770357,0.5728285634031398
TENIPOSIDE,PRISM,CTRP,2,168,0.3375386952528933,0.6840277777777777,0.5861678004535147
TENIPOSIDE,PRISM,GDSC2,2,252,0.38310607473466485,0.6963655832703451,0.6105442176870748
TOPOTECAN,CTRP,GDSC2,2,238,0.6255561040844476,0.7527716969140598,0.8056634418473272
TOPOTECAN,CTRP,PRISM,2,190,0.516578047208344,0.756398891966759,0.7361772853185596
TOPOTECAN,GDSC2,CTRP,2,392,0.6255561040844476,0.871811224489796,0.8275458142440649
TOPOTECAN,GDSC2,PRISM,2,230,0.5583932853717026,0.7450661625708884,0.7322495274102079
TOPOTECAN,PRISM,CTRP,2,401,0.516578047208344,0.7730597014925373,0.8516666666666667
TOPOTECAN,PRISM,GDSC2,2,286,0.5583932853717026,0.6782972272482761,0.7644383588439534
TRAMETINIB,CTRP,GDSC2,2,388,0.7550622120046571,0.8854819853331917,0.8701774896375809
TRAMETINIB,CTRP,PRISM,2,386,0.5894206725396587,0.8425461086203656,0.808907621681119
TRAMETINIB,GDSC2,CTRP,2,176,0.7550622120046572,0.7673682851239669,0.8101756198347109
TRAMETINIB,GDSC2,PRISM,2,338,0.5617254574701052,0.7599698890094887,0.7598123315009979
TRAMETINIB,PRISM,CTRP,2,168,0.5894206725396587,0.813562925170068,0.7804705215419501
TRAMETINIB,PRISM,GDSC2,2,328,0.5617254574701052,0.795378494943486,0.7279335217132658
VENETOCLAX,CTRP,GDSC2,2,364,0.25635629313590197,0.6087429054462021,0.6352493660185967
VENETOCLAX,CTRP,PRISM,2,334,0.22466556177140054,0.7090250636451648,0.6332962816881207
VENETOCLAX,GDSC2,CTRP,2,222,0.25635629313590197,0.6408279220779222,0.560064935064935
VENETOCLAX,GDSC2,PRISM,2,308,0.11561457466087473,0.5789973013998988,0.5632062742452353
VENETOCLAX,PRISM,CTRP,2,206,0.22466556177140054,0.6534074842115184,0.6169290225280423
VENETOCLAX,PRISM,GDSC2,2,338,0.11561457466087474,0.5789713245334547,0.5664717621932004
VORINOSTAT,CTRP,GDSC2,2,304,0.6596779667180583,0.830224203601108,0.7778306786703602
VORINOSTAT,CTRP,PRISM,2,294,0.24513841769049236,0.5807765282983942,0.556064602711833
VORINOSTAT,GDSC2,CTRP,2,348,0.6596779667180585,0.807652926410358,0.8080327652265821
VORINOSTAT,GDSC2,PRISM,2,330,0.23517029196800743,0.5549127640036732,0.596951331496786
VORINOSTAT,PRISM,CTRP,2,334,0.24513841769049238,0.752034852450787,0.5901789235899458
VORINOSTAT,PRISM,GDSC2,2,332,0.23517029196800743,0.7856002322543183,0.5906880534184933
AFATINIB,CTRP,GDSC2,3,328,0.49736772066437346,0.6836704342653181,0.6248140987507436
AFATINIB,CTRP,PRISM,3,154,0.4388170888238673,0.8116039804351491,0.7179962894248607
AFATINIB,GDSC2,CTRP,3,312,0.49736772066437357,0.7675871137409599,0.7102646285338593
AFATINIB,GDSC2,PRISM,3,180,0.37292327519141255,0.8206790123456791,0.6493827160493827
AFATINIB,PRISM,CTRP,3,364,0.4388170888238673,0.7503320854969207,0.7074930563941553
AFATINIB,PRISM,GDSC2,3,388,0.37292327519141255,0.6341800403868637,0.6049659900095653
ALISERTIB,CTRP,GDSC2,3,302,0.5358716098209969,0.7214157273803781,0.6899258804438402
ALISERTIB,CTRP,PRISM,3,190,0.342716988196209,0.5724653739612189,0.6211634349030472
ALISERTIB,GDSC2,CTRP,3,354,0.5358716098209969,0.7831881004819815,0.668948897187909
ALISERTIB,GDSC2,PRISM,3,218,0.30488091948688756,0.6410655668714754,0.5868192913054456
ALISERTIB,PRISM,CTRP,3,388,0.342716988196209,0.7344563715591454,0.6878254862365819
ALISERTIB,PRISM,GDSC2,3,368,0.30488091948688756,0.7149249763705104,0.6542119565217392
ALPELISIB,CTRP,GDSC2,3,350,0.41425353071578097,0.6094857142857142,0.5989551020408164
ALPELISIB,CTRP,PRISM,3,334,0.3204526108466589,0.5748861558320485,0.5944279106457743
ALPELISIB,GDSC2,CTRP,3,240,0.414253530715781,0.6979861111111111,0.6300694444444445
ALPELISIB,GDSC2,PRISM,3,312,0.2648654901597536,0.688301282051282,0.6243425378040763
ALPELISIB,PRISM,CTRP,3,234,0.32045261084665894,0.6016874863028709,0.6300679377602454
ALPELISIB,PRISM,GDSC2,3,330,0.2648654901597536,0.6849954086317722,0.6332415059687787
AZD7762,CTRP,GDSC2,3,308,0.5670027988313942,0.6403482880755609,0.6535672120087704
AZD7762,CTRP,PRISM,3,200,0.38378314960129156,0.4451,0.5376
AZD7762,GDSC2,CTRP,3,354,0.5670027988313942,0.7328832710906827,0.7015544702990839
AZD7762,GDSC2,PRISM,3,204,0.3931390103319773,0.4821222606689734,0.5307574009996155
AZD7762,PRISM,CTRP,3,394,0.38378314960129156,0.530766059419207,0.4128166147027752
AZD7762,PRISM,GDSC2,3,364,0.3931390103319773,0.5420540997464075,0.48176548725999274
BI-2536,CTRP,GDSC2,3,294,0.6776776236162916,0.7744689712619742,0.7739367855985932
BI-2536,CTRP,PRISM,3,186,0.46148631662602424,0.5885073418892357,0.6055035264192392
BI-2536,GDSC2,CTRP,3,368,0.6776776236162916,0.858415051984877,0.8291883270321362
BI-2536,GDSC2,PRISM,3,214,0.4008162480555119,0.6872652633417766,0.6402305878242641
BI-2536,PRISM,CTRP,3,396,0.4614863166260243,0.8861085603509845,0.7894092439546985
BI-2536,PRISM,GDSC2,3,356,0.4008162480555119,0.8815648276732737,0.7550656482767328
BIBR-1532,CTRP,GDSC2,3,310,-0.07123716182956426,0.3301977107180021,0.41752341311134233
BIBR-1532,CTRP,PRISM,3,192,0.018597693935375765,0.4699978298611111,0.5065104166666667
BIBR-1532,GDSC2,CTRP,3,348,-0.07123716182956426,0.36517373497159467,0.4164354604307041
BIBR-1532,GDSC2,PRISM,3,214,-0.016090000246761594,0.4984278102891082,0.4968119486418027
BIBR-1532,PRISM,CTRP,3,388,0.01859769393537576,0.4156924221490063,0.4646614943139547
BIBR-1532,PRISM,GDSC2,3,366,-0.016090000246761594,0.5650512108453521,0.4581802980083012
BMS-345541,CTRP,GDSC2,3,292,0.2991130481737351,0.7111559392006005,0.6800525426909363
BMS-345541,CTRP,PRISM,3,188,-0.04346026426083149,0.5015278406518786,0.48664554096876417
BMS-345541,GDSC2,CTRP,3,352,0.2991130481737351,0.7962131973140496,0.6912771177685952
BMS-345541,GDSC2,PRISM,3,210,-0.07358063154192682,0.4726530612244898,0.4905215419501134
BMS-345541,PRISM,CTRP,3,386,-0.04346026426083149,0.6746087143279015,0.5562028510832506
BMS-345541,PRISM,GDSC2,3,346,-0.07358063154192682,0.5987837882989743,0.5203648635103078
BMS-754807,CTRP,GDSC2,3,302,0.5439593560705145,0.7085873426604096,0.6872505591860005
BMS-754807,CTRP,PRISM,3,296,0.34053602962475193,0.6119430241051863,0.5924945215485755
BMS-754807,GDSC2,CTRP,3,357,0.5439593560705145,0.6714110853053794,0.6535685142175633
BMS-754807,GDSC2,PRISM,3,334,0.37790737615998915,0.5484778945103804,0.6096668937573954
BMS-754807,PRISM,CTRP,3,334,0.34053602962475193,0.6553300584459825,0.6078382157840009
BMS-754807,PRISM,GDSC2,3,326,0.37790737615998915,0.6708570138130905,0.6673943317399977
BORTEZOMIB,CTRP,GDSC2,3,314,0.4589097592550305,0.612763195261471,0.649803237453852
BORTEZOMIB,CTRP,PRISM,3,284,0.20288130564476584,0.3619569529855187,0.4484229319579448
BORTEZOMIB,GDSC2,CTRP,3,352,0.45890975925503047,0.6704384039256198,0.650729597107438
BORTEZOMIB,GDSC2,PRISM,3,318,0.28799090609249245,0.5085241881254697,0.5413947233099956
BORTEZOMIB,PRISM,CTRP,3,337,0.20288130564476586,0.33988447449985915,0.42659904198365733
BORTEZOMIB,PRISM,GDSC2,3,326,0.28799090609249245,0.46112010237494816,0.41121231510406864
CRIZOTINIB,CTRP,GDSC2,3,306,0.5392679870668746,0.7336921696783288,0.7106668375411166
CRIZOTINIB,CTRP,PRISM,3,276,0.11638613262730235,0.5311121613106489,0.5590737240075614
CRIZOTINIB,GDSC2,CTRP,3,352,0.5392679870668745,0.8057528409090908,0.7273695764462811
CRIZOTINIB,GDSC2,PRISM,3,310,0.19142258427773975,0.5221019771071801,0.5398126951092612
CRIZOTINIB,PRISM,CTRP,3,336,0.11638613262730237,0.47916666666666663,0.4932327097505669
CRIZOTINIB,PRISM,GDSC2,3,334,0.19142258427773975,0.5404281257843595,0.5536950051991825
CYCLOPHOSPHAMIDE,CTRP,GDSC2,3,382,0.07122076548536568,0.6144157232532004,0.5424467531043556
CYCLOPHOSPHAMIDE,CTRP,PRISM,3,168,0.054399548790646415,0.44557823129251706,0.49121315192743764
CYCLOPHOSPHAMIDE,GDSC2,CTRP,3,176,0.07122076548536568,0.5289256198347108,0.5260847107438016
CYCLOPHOSPHAMIDE,GDSC2,PRISM,3,142,0.014378766292988378,0.5132910136877604,0.5604046816107915
CYCLOPHOSPHAMIDE,PRISM,CTRP,3,220,0.054399548790646415,0.48710743801652895,0.43057851239669415
CYCLOPHOSPHAMIDE,PRISM,GDSC2,3,398,0.014378766292988376,0.4131461326734174,0.44483725158455595
DABRAFENIB,CTRP,GDSC2,3,388,0.5062869915818984,0.6406631948134766,0.6077425868848974
DABRAFENIB,CTRP,PRISM,3,350,0.3579467325293618,0.6567183673469388,0.6030367346938776
DABRAFENIB,GDSC2,CTRP,3,173,0.5062869915818984,0.743651430098904,0.7125100240577386
DABRAFENIB,GDSC2,PRISM,3,294,0.30334043291843205,0.6372113471238835,0.5301494747558888
DABRAFENIB,PRISM,CTRP,3,176,0.3579467325293618,0.7048037190082644,0.6615444214876033
DABRAFENIB,PRISM,GDSC2,3,338,0.303340432918432,0.6366198662511816,0.5681523756171002
DASATINIB,CTRP,GDSC2,3,310,0.7251555670325401,0.9138605619146721,0.814901144640999
DASATINIB,CTRP,PRISM,3,288,0.4950103014287827,0.7569203317901234,0.6739969135802468
DASATINIB,GDSC2,CTRP,3,360,0.7251555670325401,0.7473765432098767,0.7691203703703704
DASATINIB,GDSC2,PRISM,3,310,0.565431046505684,0.7067013527575442,0.7058064516129032
DASATINIB,PRISM,CTRP,3,344,0.4950103014287827,0.8053339643050297,0.7501690102758249
DASATINIB,PRISM,GDSC2,3,332,0.565431046505684,0.8726593119465815,0.7694512991725939
DINACICLIB,CTRP,GDSC2,3,366,0.6225120009133888,0.8231210248141181,0.8284511332079191
DINACICLIB,CTRP,PRISM,3,382,0.34225161509618574,0.6918121762013102,0.6741865628683423
DINACICLIB,GDSC2,CTRP,3,188,0.6225120009133887,0.8962765957446809,0.8660027161611589
DINACICLIB,GDSC2,PRISM,3,332,0.3725387856530063,0.6670053708811148,0.6761866744084772
DINACICLIB,PRISM,CTRP,3,171,0.34225161509618574,0.8502051983584131,0.6466484268125855
DINACICLIB,PRISM,GDSC2,3,302,0.3725387856530063,0.7885619051795972,0.6545765536599272
DOCETAXEL,CTRP,GDSC2,3,392,0.4814762609258959,0.6792091836734695,0.7025718450645565
DOCETAXEL,CTRP,PRISM,3,380,0.2414797436484321,0.5159972299168976,0.5288919667590027
DOCETAXEL,GDSC2,CTRP,3,162,0.48147626092589596,0.8436213991769547,0.6976832799878068
DOCETAXEL,GDSC2,PRISM,3,310,0.3111199274377152,0.5894276795005202,0.5964412070759624
DOCETAXEL,PRISM,CTRP,3,172,0.2414797436484321,0.5163601946998377,0.5214305029745809
DOCETAXEL,PRISM,GDSC2,3,328,0.3111199274377152,0.6257250148720999,0.6281231409875074
ENTINOSTAT,CTRP,GDSC2,3,290,0.6101423212551538,0.8302734839476813,0.7970511296076099
ENTINOSTAT,CTRP,PRISM,3,190,0.3919480267785787,0.6540720221606648,0.6175069252077563
ENTINOSTAT,GDSC2,CTRP,3,362,0.6101423212551538,0.8582002991361679,0.8327584628063857
ENTINOSTAT,GDSC2,PRISM,3,218,0.309854679338604,0.5795808433633532,0.5700698594394411
ENTINOSTAT,PRISM,CTRP,3,384,0.3919480267785787,0.7521294487847222,0.8296440972222223
ENTINOSTAT,PRISM,GDSC2,3,348,0.309854679338604,0.7375148632580262,0.8227969348659003
ERLOTINIB,CTRP,GDSC2,3,312,0.45986455325318826,0.676939513477975,0.6457511505588428
ERLOTINIB,CTRP,PRISM,3,284,0.39067871392630726,0.6437710771672287,0.6350922436024599
ERLOTINIB,GDSC2,CTRP,3,356,0.45986455325318815,0.7030204519631359,0.6433531119808105
ERLOTINIB,GDSC2,PRISM,3,328,0.3323920389282104,0.6782607079119571,0.6106484235574063
ERLOTINIB,PRISM,CTRP,3,333,0.39067871392630726,0.7143243633215497,0.6332154967174085
ERLOTINIB,PRISM,GDSC2,3,322,0.3323920389282104,0.6942440492264959,0.5830793565063076
FULVESTRANT,CTRP,GDSC2,3,432,0.06315435209318516,0.5454818244170097,0.5967935528120714
FULVESTRANT,CTRP,PRISM,3,226,0.07782729335434517,0.4972981439423604,0.5074007361578824
FULVESTRANT,GDSC2,CTRP,3,86,0.06315435209318515,0.50730124391563,0.48566792861005953
FULVESTRANT,GDSC2,PRISM,3,166,0.014542602780012246,0.43170271447234726,0.4868631151110466
FULVESTRANT,PRISM,CTRP,3,102,0.07782729335434517,0.5841983852364475,0.4763552479815456
FULVESTRANT,PRISM,GDSC2,3,386,0.014542602780012247,0.42197105962576176,0.6016268893124648
GEFITINIB,CTRP,GDSC2,3,312,0.2454773111336824,0.6524695923734386,0.5844428007889546
GEFITINIB,CTRP,PRISM,3,284,0.3367781472599926,0.76899424717318,0.6744197579845269
GEFITINIB,GDSC2,CTRP,3,342,0.24547731113368237,0.6070927806846551,0.6164973838104032
GEFITINIB,GDSC2,PRISM,3,316,0.25391654218700194,0.683384073065214,0.6650777119051434
GEFITINIB,PRISM,CTRP,3,328,0.3367781472599926,0.6582391433670434,0.652067221891731
GEFITINIB,PRISM,GDSC2,3,330,0.25391654218700194,0.7668870523415978,0.6320293847566575
GEMCITABINE,CTRP,GDSC2,3,326,0.659613758122666,0.709266438330385,0.7581768226128195
GEMCITABINE,CTRP,PRISM,3,168,0.3573567984260947,0.5790107709750568,0.5738378684807257
GEMCITABINE,GDSC2,CTRP,3,328,0.6596137581226659,0.8075922070196313,0.8018292682926829
GEMCITABINE,GDSC2,PRISM,3,178,0.26463042405504256,0.5549804317636662,0.6269410427976266
GEMCITABINE,PRISM,CTRP,3,382,0.35735679842609464,0.6181025739426003,0.5824949973959047
GEMCITABINE,PRISM,GDSC2,3,387,0.26463042405504256,0.6355162651567758,0.6087949361679397
LAPATINIB,CTRP,GDSC2,3,312,0.4194270475894736,0.6171104536489151,0.5832922419460882
LAPATINIB,CTRP,PRISM,3,274,0.30111696314344666,0.7112792370397996,0.645212850977676
LAPATINIB,GDSC2,CTRP,3,328,0.4194270475894736,0.665377751338489,0.5912403331350387
LAPATINIB,GDSC2,PRISM,3,304,0.3104367547708816,0.7785448407202216,0.6613140581717452
LAPATINIB,PRISM,CTRP,3,320,0.3011169631434467,0.6424023437499999,0.6019140625000001
LAPATINIB,PRISM,GDSC2,3,340,0.3104367547708816,0.6329584775086505,0.6252249134948098
NAVITOCLAX,CTRP,GDSC2,3,312,0.49030969722092793,0.7254273504273505,0.6680637738330045
NAVITOCLAX,CTRP,PRISM,3,294,0.29636741052877563,0.5803831736776344,0.5141839048544589
NAVITOCLAX,GDSC2,CTRP,3,354,0.49030969722092793,0.6928564588719717,0.6199367997701809
NAVITOCLAX,GDSC2,PRISM,3,322,0.4078541613990435,0.5728752748736545,0.5735504031480266
NAVITOCLAX,PRISM,CTRP,3,332,0.2963674105287757,0.621516185222819,0.5717448105675715
NAVITOCLAX,PRISM,GDSC2,3,325,0.4078541613990435,0.6644323259865181,0.5985571461031584
NELARABINE,CTRP,GDSC2,3,248,0.17600167973416386,0.5357049947970863,0.5422086368366286
NELARABINE,CTRP,PRISM,3,180,0.06559973378646647,0.5098148148148148,0.5467901234567901
NELARABINE,GDSC2,CTRP,3,360,0.17600167973416384,0.5248765432098765,0.557530864197531
NELARABINE,GDSC2,PRISM,3,206,0.14824907187207922,0.5308700160241304,0.5367141106607598
NELARABINE,PRISM,CTRP,3,364,0.06559973378646647,0.5512317352976693,0.5174495833836493
NELARABINE,PRISM,GDSC2,3,298,0.14824907187207922,0.5271384171884149,0.5884419620737804
NILOTINIB,CTRP,GDSC2,3,316,0.10751825335022556,0.5709822143887198,0.49511296266623933
NILOTINIB,CTRP,PRISM,3,168,0.15563421275383252,0.5583900226757369,0.6325113378684807
NILOTINIB,GDSC2,CTRP,3,352,0.10751825335022556,0.5729435692148761,0.5486505681818181
NILOTINIB,GDSC2,PRISM,3,192,0.049588562533743455,0.5393880208333333,0.5326605902777777
NILOTINIB,PRISM,CTRP,3,386,0.15563421275383255,0.5691293726006066,0.5043759564015141
NILOTINIB,PRISM,GDSC2,3,374,0.04958856253374345,0.5333152220538191,0.4100631988332523
OLAPARIB,CTRP,GDSC2,3,314,0.44187088205463676,0.6157653454501197,0.5824577061949775
OLAPARIB,CTRP,PRISM,3,279,0.3299315023288066,0.7400555041628122,0.6429746119847878
OLAPARIB,GDSC2,CTRP,3,350,0.4418708820546368,0.7564081632653061,0.6428081632653061
OLAPARIB,GDSC2,PRISM,3,312,0.3194693526372597,0.7023545364891519,0.6291502301117686
OLAPARIB,PRISM,CTRP,3,334,0.3299315023288066,0.7587041485890494,0.6875829179963426
OLAPARIB,PRISM,GDSC2,3,330,0.3194693526372597,0.6596510560146924,0.6635445362718091
PACLITAXEL,CTRP,GDSC2,3,306,0.2910702254437398,0.6014780639924815,0.5976333888675296
PACLITAXEL,CTRP,PRISM,3,284,0.153069535771278,0.39649871057329894,0.4999504066653442
PACLITAXEL,GDSC2,CTRP,3,346,0.29107022544373984,0.7874636640048114,0.6706204684419793
PACLITAXEL,GDSC2,PRISM,3,314,0.21923222964067415,0.4565702462574547,0.5637551219116395
PACLITAXEL,PRISM,CTRP,3,336,0.153069535771278,0.28962939342403626,0.3725375566893424
PACLITAXEL,PRISM,GDSC2,3,324,0.21923222964067415,0.41819082456942547,0.46873571101966166
PEVONEDISTAT,CTRP,GDSC2,3,312,0.6379886372226005,0.80456936226167,0.7328648915187376
PEVONEDISTAT,CTRP,PRISM,3,300,0.33391492395942945,0.7026222222222223,0.6435555555555555
PEVONEDISTAT,GDSC2,CTRP,3,342,0.6379886372226005,0.7565404739919975,0.6991210970897027
PEVONEDISTAT,GDSC2,PRISM,3,330,0.38271228598805107,0.6889990817263545,0.6180348943985308
PEVONEDISTAT,PRISM,CTRP,3,328,0.33391492395942945,0.7457056811421773,0.5583358120166567
PEVONEDISTAT,PRISM,GDSC2,3,332,0.38271228598805107,0.7762737697779067,0.5912323994774278
RUXOLITINIB,CTRP,GDSC2,3,278,0.17529157033617682,0.5186066973759123,0.5255421562030951
RUXOLITINIB,CTRP,PRISM,3,262,0.25791017026227064,0.6304702523162986,0.5754326670939922
RUXOLITINIB,GDSC2,CTRP,3,362,0.17529157033617682,0.5378651445316077,0.5745551112603401
RUXOLITINIB,GDSC2,PRISM,3,302,0.00854178703005675,0.4251348625060305,0.514626551467041
RUXOLITINIB,PRISM,CTRP,3,349,0.25791017026227064,0.6824630541871921,0.6531362889983581
RUXOLITINIB,PRISM,GDSC2,3,314,0.008541787030056749,0.41236967016917525,0.4251288084709319
TENIPOSIDE,CTRP,GDSC2,3,308,0.6387576232435772,0.7826572777871479,0.775974025974026
TENIPOSIDE,CTRP,PRISM,3,382,0.3375386952528933,0.5747101230777665,0.5857295578520325
TENIPOSIDE,GDSC2,CTRP,3,198,0.6387576232435771,0.8749107233955719,0.8714416896235079
TENIPOSIDE,GDSC2,PRISM,3,358,0.38310607473466485,0.5850472831684405,0.5636216098124278
TENIPOSIDE,PRISM,CTRP,3,170,0.3375386952528933,0.6889273356401384,0.6517647058823529
TENIPOSIDE,PRISM,GDSC2,3,254,0.38310607473466485,0.7258354516709032,0.6737243474486949
TOPOTECAN,CTRP,GDSC2,3,234,0.6255561040844476,0.7519906494265468,0.8000584410840821
TOPOTECAN,CTRP,PRISM,3,188,0.516578047208344,0.7361928474422815,0.7236306020823903
TOPOTECAN,GDSC2,CTRP,3,396,0.6255561040844476,0.882652280379553,0.8575910621365167
TOPOTECAN,GDSC2,PRISM,3,232,0.5583932853717026,0.7599583828775268,0.719307372175981
TOPOTECAN,PRISM,CTRP,3,396,0.516578047208344,0.7365064789307213,0.8052494643403734
TOPOTECAN,PRISM,GDSC2,3,288,0.5583932853717026,0.6835937499999999,0.7771508487654322
TRAMETINIB,CTRP,GDSC2,3,394,0.7550622120046571,0.8860315906104255,0.8699786132082764
TRAMETINIB,CTRP,PRISM,3,384,0.5894206725396587,0.841064453125,0.7960069444444444
TRAMETINIB,GDSC2,CTRP,3,178,0.7550622120046572,0.7690948112612044,0.8012877161974499
TRAMETINIB,GDSC2,PRISM,3,328,0.5617254574701052,0.7365221594289114,0.6996951219512195
TRAMETINIB,PRISM,CTRP,3,166,0.5894206725396587,0.8116562636086514,0.7410364348962114
TRAMETINIB,PRISM,GDSC2,3,322,0.5617254574701052,0.7947031364530688,0.6926430307472706
VENETOCLAX,CTRP,GDSC2,3,368,0.25635629313590197,0.6167887523629489,0.59023511342155
VENETOCLAX,CTRP,PRISM,3,332,0.22466556177140054,0.6495681521265786,0.5456887792132386
VENETOCLAX,GDSC2,CTRP,3,220,0.25635629313590197,0.5809771825396826,0.5262896825396826
VENETOCLAX,GDSC2,PRISM,3,302,0.11561457466087473,0.5795359852638041,0.5861146440945573
VENETOCLAX,PRISM,CTRP,3,212,0.22466556177140054,0.6706123175507297,0.6800462798148806
VENETOCLAX,PRISM,GDSC2,3,330,0.11561457466087474,0.595702479338843,0.612929292929293
VORINOSTAT,CTRP,GDSC2,3,306,0.6596779667180583,0.8174633687897817,0.7770088427527874
VORINOSTAT,CTRP,PRISM,3,304,0.24513841769049236,0.5687759695290859,0.5729743767313019
VORINOSTAT,GDSC2,CTRP,3,340,0.6596779667180585,0.8335467128027683,0.8143252595155709
VORINOSTAT,GDSC2,PRISM,3,330,0.23517029196800743,0.5646280991735538,0.5821854912764004
VORINOSTAT,PRISM,CTRP,3,332,0.24513841769049238,0.7902090288866309,0.6511467556974888
VORINOSTAT,PRISM,GDSC2,3,322,0.23517029196800743,0.8170981057829559,0.641641911963273
AFATINIB,CTRP,GDSC2,4,330,0.49736772066437346,0.7232139577594122,0.6779614325068871
AFATINIB,CTRP,PRISM,4,152,0.4388170888238673,0.8234072022160664,0.7115650969529086
AFATINIB,GDSC2,CTRP,4,316,0.49736772066437357,0.7739544944720396,0.669964749238904
AFATINIB,GDSC2,PRISM,4,180,0.37292327519141255,0.8301851851851852,0.6895061728395061
AFATINIB,PRISM,CTRP,4,358,0.4388170888238673,0.7717143659686028,0.763428107736962
AFATINIB,PRISM,GDSC2,4,396,0.37292327519141255,0.6817544128150188,0.7052596673808795
ALISERTIB,CTRP,GDSC2,4,300,0.5358716098209969,0.7011777777777778,0.715511111111111
ALISERTIB,CTRP,PRISM,4,192,0.342716988196209,0.6070963541666666,0.5985243055555556
ALISERTIB,GDSC2,CTRP,4,354,0.5358716098209969,0.803792013789141,0.7233234383478566
ALISERTIB,GDSC2,PRISM,4,220,0.30488091948688756,0.6664462809917354,0.6555371900826447
ALISERTIB,PRISM,CTRP,4,382,0.342716988196209,0.7332995257805432,0.6895096077410159
ALISERTIB,PRISM,GDSC2,4,366,0.30488091948688756,0.7479620173788408,0.7272238645525396
ALPELISIB,CTRP,GDSC2,4,350,0.41425353071578097,0.6314285714285715,0.5494530612244898
ALPELISIB,CTRP,PRISM,4,334,0.3204526108466589,0.568378213632615,0.5515794757789809
ALPELISIB,GDSC2,CTRP,4,238,0.414253530715781,0.642468752206765,0.5818798107478285
ALPELISIB,GDSC2,PRISM,4,320,0.2648654901597536,0.65572265625,0.617421875
ALPELISIB,PRISM,CTRP,4,240,0.32045261084665894,0.6644097222222222,0.6235416666666665
ALPELISIB,PRISM,GDSC2,4,332,0.2648654901597536,0.6860756278124545,0.5628901146755698
AZD7762,CTRP,GDSC2,4,304,0.5670027988313942,0.6456674168975068,0.6675034626038782
AZD7762,CTRP,PRISM,4,196,0.38378314960129156,0.5308725531028738,0.5408163265306123
AZD7762,GDSC2,CTRP,4,356,0.5670027988313942,0.7583954046206287,0.6788284307536927
AZD7762,GDSC2,PRISM,4,216,0.3931390103319773,0.5117455418381345,0.5504972565157751
AZD7762,PRISM,CTRP,4,394,0.38378314960129156,0.519093509237548,0.32364915354685764
AZD7762,PRISM,GDSC2,4,372,0.3931390103319773,0.5292230315643427,0.3897415886229622
BI-2536,CTRP,GDSC2,4,296,0.6776776236162916,0.7948319941563184,0.744019357195033
BI-2536,CTRP,PRISM,4,192,0.46148631662602424,0.605685763888889,0.6664496527777777
BI-2536,GDSC2,CTRP,4,369,0.6776776236162916,0.8479435957696827,0.845358401880141
BI-2536,GDSC2,PRISM,4,216,0.4008162480555119,0.637474279835391,0.6051954732510287
BI-2536,PRISM,CTRP,4,398,0.4614863166260243,0.802555491022954,0.6357920254539027
BI-2536,PRISM,GDSC2,4,346,0.4008162480555119,0.797353737177988,0.6510742089612082
BIBR-1532,CTRP,GDSC2,4,314,-0.07123716182956426,0.35816868838492427,0.4275629842995659
BIBR-1532,CTRP,PRISM,4,194,0.018597693935375765,0.42948241045807206,0.44733765543628434
BIBR-1532,GDSC2,CTRP,4,350,-0.07123716182956426,0.38853877551020405,0.4244571428571428
BIBR-1532,GDSC2,PRISM,4,218,-0.016090000246761594,0.503072131975423,0.468563252251494
BIBR-1532,PRISM,CTRP,4,390,0.01859769393537576,0.4055752794214333,0.4168836291913215
BIBR-1532,PRISM,GDSC2,4,364,-0.016090000246761594,0.5845912329428813,0.6254528438594373
BMS-345541,CTRP,GDSC2,4,294,0.2991130481737351,0.6723818779212365,0.6329770003239391
BMS-345541,CTRP,PRISM,4,190,-0.04346026426083149,0.49983379501385045,0.4968421052631579
BMS-345541,GDSC2,CTRP,4,354,0.2991130481737351,0.7749297752808988,0.6335227272727273
BMS-345541,GDSC2,PRISM,4,212,-0.07358063154192682,0.4714311142755429,0.48584905660377353
BMS-345541,PRISM,CTRP,4,388,-0.04346026426083149,0.43466361993835684,0.444893187373791
BMS-345541,PRISM,GDSC2,4,350,-0.07358063154192682,0.46788571428571424,0.48783673469387756
BMS-754807,CTRP,GDSC2,4,302,0.5439593560705145,0.7149247840007017,0.6209157493092409
BMS-754807,CTRP,PRISM,4,294,0.34053602962475193,0.6104169558980055,0.5828127169235041
BMS-754807,GDSC2,CTRP,4,356,0.5439593560705145,0.6490657745234187,0.6409859866178513
BMS-754807,GDSC2,PRISM,4,334,0.37790737615998915,0.6351787443077916,0.5957187421564057
BMS-754807,PRISM,CTRP,4,337,0.34053602962475193,0.6103303747534516,0.5584671738517892
BMS-754807,PRISM,GDSC2,4,320,0.37790737615998915,0.6393749999999999,0.6021484375
BORTEZOMIB,CTRP,GDSC2,4,312,0.4589097592550305,0.5881410256410258,0.5518162393162392
BORTEZOMIB,CTRP,PRISM,4,290,0.20288130564476584,0.3760285374554102,0.43671819262782396
BORTEZOMIB,GDSC2,CTRP,4,350,0.45890975925503047,0.7004408163265307,0.7207183673469388
BORTEZOMIB,GDSC2,PRISM,4,324,0.28799090609249245,0.4919410150891632,0.5488111568358482
BORTEZOMIB,PRISM,CTRP,4,336,0.20288130564476586,0.3067602040816326,0.4520089285714285
BORTEZOMIB,PRISM,GDSC2,4,334,0.28799090609249245,0.44920936569973824,0.5017031804654165
CRIZOTINIB,CTRP,GDSC2,4,304,0.5392679870668746,0.7141620498614959,0.663305055401662
CRIZOTINIB,CTRP,PRISM,4,278,0.11638613262730235,0.5512395838724703,0.5250763418042544
CRIZOTINIB,GDSC2,CTRP,4,354,0.5392679870668745,0.7911838871333269,0.7182801876855309
CRIZOTINIB,GDSC2,PRISM,4,314,0.19142258427773975,0.5425980770010954,0.5817274534463872
CRIZOTINIB,PRISM,CTRP,4,334,0.11638613262730237,0.5865067412507171,0.5765203671830178
CRIZOTINIB,PRISM,GDSC2,4,342,0.19142258427773975,0.63911972914743,0.5443726274751206
CYCLOPHOSPHAMIDE,CTRP,GDSC2,4,382,0.07122076548536568,0.6302595871823691,0.5233135056604807
CYCLOPHOSPHAMIDE,CTRP,PRISM,4,170,0.054399548790646415,0.49439446366782,0.5262283737024221
CYCLOPHOSPHAMIDE,GDSC2,CTRP,4,180,0.07122076548536568,0.5238271604938272,0.5050617283950617
CYCLOPHOSPHAMIDE,GDSC2,PRISM,4,144,0.014378766292988378,0.5031828703703703,0.46817129629629634
CYCLOPHOSPHAMIDE,PRISM,CTRP,4,224,0.054399548790646415,0.46851084183673475,0.46269132653061223
CYCLOPHOSPHAMIDE,PRISM,GDSC2,4,396,0.014378766292988376,0.4159652076318743,0.4075859606162637
DABRAFENIB,CTRP,GDSC2,4,388,0.5062869915818984,0.6497502391327452,0.6423636943352109
DABRAFENIB,CTRP,PRISM,4,346,0.3579467325293618,0.6609976945437537,0.623609208460022
DABRAFENIB,GDSC2,CTRP,4,172,0.5062869915818984,0.744118442401298,0.6838831800973498
DABRAFENIB,GDSC2,PRISM,4,300,0.30334043291843205,0.656377777777778,0.5586222222222221
DABRAFENIB,PRISM,CTRP,4,176,0.3579467325293618,0.7306301652892562,0.6432076446280991
DABRAFENIB,PRISM,GDSC2,4,340,0.303340432918432,0.6302249134948097,0.5910726643598616
DASATINIB,CTRP,GDSC2,4,304,0.7251555670325401,0.8943905817174516,0.8103142313019391
DASATINIB,CTRP,PRISM,4,274,0.4950103014287827,0.7902392242527572,0.698172518514572
DASATINIB,GDSC2,CTRP,4,362,0.7251555670325401,0.7763041421202039,0.7679252770061964
DASATINIB,GDSC2,PRISM,4,314,0.565431046505684,0.7322406588502576,0.7432755892733987
DASATINIB,PRISM,CTRP,4,344,0.4950103014287827,0.7926412925905895,0.7381016765819362
DASATINIB,PRISM,GDSC2,4,326,0.565431046505684,0.861831457713877,0.7516090180285295
DINACICLIB,CTRP,GDSC2,4,362,0.6225120009133888,0.8216629529013156,0.8256768718903573
DINACICLIB,CTRP,PRISM,4,382,0.34225161509618574,0.7038458375592775,0.6937309832515556
DINACICLIB,GDSC2,CTRP,4,181,0.6225120009133887,0.8795482295482295,0.874969474969475
DINACICLIB,GDSC2,PRISM,4,328,0.3725387856530063,0.6887827186198692,0.6655264723378942
DINACICLIB,PRISM,CTRP,4,172,0.34225161509618574,0.8851406165494862,0.7161979448350458
DINACICLIB,PRISM,GDSC2,4,296,0.3725387856530063,0.8364682249817383,0.691517531044558
DOCETAXEL,CTRP,GDSC2,4,394,0.4814762609258959,0.6854724419593393,0.7225385864103688
DOCETAXEL,CTRP,PRISM,4,382,0.2414797436484321,0.5147748142868891,0.5682410021655109
DOCETAXEL,GDSC2,CTRP,4,164,0.48147626092589596,0.8285246876859012,0.6656751933372991
DOCETAXEL,GDSC2,PRISM,4,310,0.3111199274377152,0.5965868886576482,0.6662851196670134
DOCETAXEL,PRISM,CTRP,4,168,0.2414797436484321,0.5081490929705215,0.6034580498866213
DOCETAXEL,PRISM,GDSC2,4,338,0.3111199274377152,0.614386751164175,0.6558418822870349
ENTINOSTAT,CTRP,GDSC2,4,290,0.6101423212551538,0.798834720570749,0.77769322235434
ENTINOSTAT,CTRP,PRISM,4,190,0.3919480267785787,0.6250969529085872,0.6425484764542937
ENTINOSTAT,GDSC2,CTRP,4,360,0.6101423212551538,0.8424691358024691,0.7484567901234568
ENTINOSTAT,GDSC2,PRISM,4,222,0.309854679338604,0.5859913968022077,0.523415307199091
ENTINOSTAT,PRISM,CTRP,4,384,0.3919480267785787,0.7164849175347221,0.6078287760416666
ENTINOSTAT,PRISM,GDSC2,4,352,0.309854679338604,0.7078544679752066,0.5937177169421488
ERLOTINIB,CTRP,GDSC2,4,306,0.45986455325318826,0.6980007689350249,0.6593190653167584
ERLOTINIB,CTRP,PRISM,4,290,0.39067871392630726,0.6676575505350772,0.5926753864447087
ERLOTINIB,GDSC2,CTRP,4,362,0.45986455325318815,0.7119898659992063,0.6338023869845242
ERLOTINIB,GDSC2,PRISM,4,328,0.3323920389282104,0.6829082391433671,0.5897531231409876
ERLOTINIB,PRISM,CTRP,4,330,0.39067871392630726,0.740477502295684,0.6579430670339761
ERLOTINIB,PRISM,GDSC2,4,326,0.3323920389282104,0.6849335691971847,0.6349128683804434
FULVESTRANT,CTRP,GDSC2,4,430,0.06315435209318516,0.43182260681449436,0.4698107084910763
FULVESTRANT,CTRP,PRISM,4,226,0.07782729335434517,0.4990210666457827,0.4814002662698724
FULVESTRANT,GDSC2,CTRP,4,92,0.06315435209318515,0.4473062381852552,0.45463137996219277
FULVESTRANT,GDSC2,PRISM,4,174,0.014542602780012246,0.43281807372175984,0.47668119963007
FULVESTRANT,PRISM,CTRP,4,104,0.07782729335434517,0.5048076923076923,0.4382396449704142
FULVESTRANT,PRISM,GDSC2,4,388,0.014542602780012247,0.44518546072908916,0.5673291529386757
GEFITINIB,CTRP,GDSC2,4,312,0.2454773111336824,0.6308555226824458,0.5742110453648914
GEFITINIB,CTRP,PRISM,4,278,0.3367781472599926,0.7572330624708865,0.6541586874385383
GEFITINIB,GDSC2,CTRP,4,342,0.24547731113368237,0.6214219759926132,0.5444410245887623
GEFITINIB,GDSC2,PRISM,4,320,0.25391654218700194,0.65099609375,0.5786328125
GEFITINIB,PRISM,CTRP,4,334,0.3367781472599926,0.6749793825522608,0.6505432249273907
GEFITINIB,PRISM,GDSC2,4,330,0.25391654218700194,0.745564738292011,0.6336088154269972
GEMCITABINE,CTRP,GDSC2,4,328,0.659613758122666,0.7313726948245092,0.7865481856038072
GEMCITABINE,CTRP,PRISM,4,168,0.3573567984260947,0.5981434240362812,0.5812074829931972
GEMCITABINE,GDSC2,CTRP,4,332,0.6596137581226659,0.8284947016983597,0.8227246334736537
GEMCITABINE,GDSC2,PRISM,4,181,0.26463042405504256,0.6056166056166056,0.6671550671550671
GEMCITABINE,PRISM,CTRP,4,380,0.35735679842609464,0.663781163434903,0.43554016620498615
GEMCITABINE,PRISM,GDSC2,4,386,0.26463042405504256,0.636352653762517,0.4696770383097533
LAPATINIB,CTRP,GDSC2,4,316,0.4194270475894736,0.6729690754686749,0.6718474603428938
LAPATINIB,CTRP,PRISM,4,278,0.30111696314344666,0.7462605455204182,0.65048392940324
LAPATINIB,GDSC2,CTRP,4,326,0.4194270475894736,0.7021717038654068,0.5576047273137867
LAPATINIB,GDSC2,PRISM,4,302,0.3104367547708816,0.794592342441121,0.6349282926187448
LAPATINIB,PRISM,CTRP,4,324,0.3011169631434467,0.6929774424630392,0.6142356348117666
LAPATINIB,PRISM,GDSC2,4,344,0.3104367547708816,0.6241718496484586,0.5800770686857761
NAVITOCLAX,CTRP,GDSC2,4,316,0.49030969722092793,0.675212305720237,0.6056321102387439
NAVITOCLAX,CTRP,PRISM,4,290,0.29636741052877563,0.5596432818073721,0.5214268727705113
NAVITOCLAX,GDSC2,CTRP,4,356,0.49030969722092793,0.7135936119176871,0.6672137356394395
NAVITOCLAX,GDSC2,PRISM,4,330,0.4078541613990435,0.6105968778696051,0.5983471074380166
NAVITOCLAX,PRISM,CTRP,4,338,0.2963674105287757,0.6934281012569588,0.6541437624733027
NAVITOCLAX,PRISM,GDSC2,4,324,0.4078541613990435,0.7137631458619114,0.6744398719707362
NELARABINE,CTRP,GDSC2,4,254,0.17600167973416386,0.5728811457622915,0.5765701531403062
NELARABINE,CTRP,PRISM,4,178,0.06559973378646647,0.5359171821739679,0.49084711526322433
NELARABINE,GDSC2,CTRP,4,362,0.17600167973416384,0.49954213851836027,0.49861115350569274
NELARABINE,GDSC2,PRISM,4,214,0.14824907187207922,0.5382566162983666,0.5156782251725042
NELARABINE,PRISM,CTRP,4,368,0.06559973378646647,0.5415288279773157,0.49113894139886577
NELARABINE,PRISM,GDSC2,4,300,0.14824907187207922,0.5095333333333334,0.524
NILOTINIB,CTRP,GDSC2,4,310,0.10751825335022556,0.5817273673257024,0.5715296566077003
NILOTINIB,CTRP,PRISM,4,174,0.15563421275383252,0.5789404148500463,0.5613687409168979
NILOTINIB,GDSC2,CTRP,4,356,0.10751825335022556,0.5204677439717207,0.5568110087110214
NILOTINIB,GDSC2,PRISM,4,198,0.049588562533743455,0.495255586164677,0.5072951739618405
NILOTINIB,PRISM,CTRP,4,386,0.15563421275383255,0.5412360063357405,0.5161480845123358
NILOTINIB,PRISM,GDSC2,4,370,0.04958856253374345,0.5604821037253469,0.49078159240321406
OLAPARIB,CTRP,GDSC2,4,308,0.44187088205463676,0.596938775510204,0.6062152133580705
OLAPARIB,CTRP,PRISM,4,278,0.3299315023288066,0.6869986025568035,0.6320066249158947
OLAPARIB,GDSC2,CTRP,4,354,0.4418708820546368,0.7687605732707715,0.6523668166874144
OLAPARIB,GDSC2,PRISM,4,308,0.3194693526372597,0.7056206780232753,0.6437004553887671
OLAPARIB,PRISM,CTRP,4,340,0.3299315023288066,0.7460553633217993,0.6901038062283735
OLAPARIB,PRISM,GDSC2,4,334,0.3194693526372597,0.6500233066800529,0.6130373982573775
PACLITAXEL,CTRP,GDSC2,4,310,0.2910702254437398,0.5873465140478668,0.6098647242455775
PACLITAXEL,CTRP,PRISM,4,283,0.153069535771278,0.42690540405553884,0.5761662171611228
PACLITAXEL,GDSC2,CTRP,4,347,0.29107022544373984,0.8142648329014683,0.6550395322569929
PACLITAXEL,GDSC2,PRISM,4,313,0.21923222964067415,0.5128000979911808,0.5610811693614242
PACLITAXEL,PRISM,CTRP,4,336,0.153069535771278,0.289859693877551,0.4342935090702948
PACLITAXEL,PRISM,GDSC2,4,324,0.21923222964067415,0.4499314128943758,0.5411522633744856
PEVONEDISTAT,CTRP,GDSC2,4,316,0.6379886372226005,0.7941235378945682,0.7730331677615767
PEVONEDISTAT,CTRP,PRISM,4,296,0.33391492395942945,0.6720005478451425,0.6058710737764791
PEVONEDISTAT,GDSC2,CTRP,4,350,0.6379886372226005,0.7752979591836737,0.7611755102040816
PEVONEDISTAT,GDSC2,PRISM,4,330,0.38271228598805107,0.7230670339761249,0.672433425160698
PEVONEDISTAT,PRISM,CTRP,4,330,0.33391492395942945,0.7387695133149679,0.6262626262626263
PEVONEDISTAT,PRISM,GDSC2,4,332,0.38271228598805107,0.7829329365655393,0.6783640586442153
RUXOLITINIB,CTRP,GDSC2,4,282,0.17529157033617682,0.510914943916302,0.5449927066042956
RUXOLITINIB,CTRP,PRISM,4,264,0.25791017026227064,0.6279556932966023,0.5606634527089072
RUXOLITINIB,GDSC2,CTRP,4,359,0.17529157033617682,0.5685754189944133,0.5760086902545003
RUXOLITINIB,GDSC2,PRISM,4,298,0.00854178703005675,0.4710823836764109,0.5676320886446556
RUXOLITINIB,PRISM,CTRP,4,352,0.25791017026227064,0.6984439566115703,0.6683561466942148
RUXOLITINIB,PRISM,GDSC2,4,320,0.008541787030056749,0.4179296875,0.44765625
TENIPOSIDE,CTRP,GDSC2,4,304,0.6387576232435772,0.7689144736842105,0.73571675900277
TENIPOSIDE,CTRP,PRISM,4,380,0.3375386952528933,0.5659002770083102,0.6002216066481993
TENIPOSIDE,GDSC2,CTRP,4,202,0.6387576232435771,0.8200666601313596,0.8591314577002255
TENIPOSIDE,GDSC2,PRISM,4,358,0.38310607473466485,0.5814113167504136,0.5601885084735183
TENIPOSIDE,PRISM,CTRP,4,174,0.3375386952528933,0.6430175716739331,0.5707491082045184
TENIPOSIDE,PRISM,GDSC2,4,254,0.38310607473466485,0.6951453902907805,0.6846363692727385
TOPOTECAN,CTRP,GDSC2,4,236,0.6255561040844476,0.7474863544958344,0.7990519965527149
TOPOTECAN,CTRP,PRISM,4,184,0.516578047208344,0.7305056710775046,0.7495274102079396
TOPOTECAN,GDSC2,CTRP,4,398,0.6255561040844476,0.8723264564026161,0.8370748213428955
TOPOTECAN,GDSC2,PRISM,4,232,0.5583932853717026,0.7537529726516053,0.7214625445897741
TOPOTECAN,PRISM,CTRP,4,400,0.516578047208344,0.7257125,0.7101999999999999
TOPOTECAN,PRISM,GDSC2,4,282,0.5583932853717026,0.6684271414918768,0.6770786177757657
TRAMETINIB,CTRP,GDSC2,4,390,0.7550622120046571,0.8951084812623274,0.8692702169625247
TRAMETINIB,CTRP,PRISM,4,384,0.5894206725396587,0.823215060763889,0.8141818576388888
TRAMETINIB,GDSC2,CTRP,4,179,0.7550622120046572,0.7951935081148565,0.8357053682896379
TRAMETINIB,GDSC2,PRISM,4,328,0.5617254574701052,0.7900988994646044,0.747323022010708
TRAMETINIB,PRISM,CTRP,4,170,0.5894206725396587,0.8071280276816609,0.7505882352941177
TRAMETINIB,PRISM,GDSC2,4,330,0.5617254574701052,0.7385123966942149,0.662258953168044
VENETOCLAX,CTRP,GDSC2,4,366,0.25635629313590197,0.6119621368210457,0.5598256143808414
VENETOCLAX,CTRP,PRISM,4,326,0.22466556177140054,0.6994617787647258,0.6521886408972862
VENETOCLAX,GDSC2,CTRP,4,220,0.25635629313590197,0.6142243160591784,0.5609554508637077
VENETOCLAX,GDSC2,PRISM,4,304,0.11561457466087473,0.6036400623268697,0.5140668282548476
VENETOCLAX,PRISM,CTRP,4,212,0.22466556177140054,0.6771982912068352,0.6742613029547881
VENETOCLAX,PRISM,GDSC2,4,332,0.11561457466087474,0.572289156626506,0.5822688343736391
VORINOSTAT,CTRP,GDSC2,4,306,0.6596779667180583,0.8429450211457131,0.7833739160152078
VORINOSTAT,CTRP,PRISM,4,304,0.24513841769049236,0.6110846606648199,0.552501731301939
VORINOSTAT,GDSC2,CTRP,4,344,0.6596779667180585,0.8417218766901027,0.830955922120065
VORINOSTAT,GDSC2,PRISM,4,330,0.23517029196800743,0.5698989898989899,0.6107621671258034
VORINOSTAT,PRISM,CTRP,4,336,0.24513841769049238,0.7710813492063493,0.6785005668934241
VORINOSTAT,PRISM,GDSC2,4,330,0.23517029196800743,0.776161616161616,0.6622222222222222
